Customer_ID,Name,Age,Gender,City,Income,Spending_Score,Purchased
1001,Rahul,41.0,Male,Delhi,99579.0,99.0,Yes
1002,Priya,55.0,Female,Bangalore,15255.0,44.0,Yes
1003,Neha,45.0,Female,Delhi,16502.0,51.0,Yes
1004,Aman,38.0,Female,Kolkata,85192.0,19.0,Yes
1005,Rahul,35.0,Female,Kolkata,80424.0,,No
1006,Vikas,53.0,Male,Bangalore,90838.0,97.0,Yes
1007,Karan,52.0,Male,Mumbai,85966.0,66.0,Yes
1008,Rahul,26.0,Male,Bangalore,56366.0,13.0,No
1009,Neha,55.0,Female,Kolkata,42425.0,62.0,Yes
1010,Aman,,Female,Lucknow,67328.0,61.0,No
1011,Priya,51.0,Male,Lucknow,82396.0,30.0,Yes
1012,Neha,49.0,Female,Delhi,86694.0,98.0,No
1013,Neha,20.0,Female,Delhi,20806.0,30.0,Yes
1014,Karan,,Male,Lucknow,32106.0,51.0,No
1015,Sneha,45.0,Male,,71731.0,88.0,No
1016,Aman,32.0,Female,Delhi,90010.0,48.0,No
1017,Riya,58.0,Female,Bangalore,97533.0,33.0,Yes
1018,Neha,40.0,Female,Bangalore,47599.0,74.0,No
1019,Sneha,57.0,Male,Kolkata,86326.0,82.0,Yes
1020,Riya,,Male,Delhi,90706.0,19.0,No
1021,Aman,49.0,Male,Bangalore,24004.0,71.0,No
1022,Arjun,53.0,Male,Delhi,66364.0,57.0,No
1023,Vikas,50.0,Male,Delhi,40792.0,19.0,Yes
1024,Sneha,41.0,Female,Bangalore,79912.0,88.0,Yes
1025,Simran,56.0,Female,Lucknow,69645.0,79.0,No
1026,Arjun,51.0,Female,Bangalore,22232.0,41.0,No
1027,Vikas,45.0,Male,Kolkata,93210.0,42.0,No
1028,Karan,54.0,Male,Mumbai,69766.0,87.0,No
1029,Rahul,24.0,Male,Bangalore,96588.0,,No
1030,Priya,21.0,Female,Delhi,63542.0,4.0,No
1031,Simran,54.0,Male,Delhi,20913.0,4.0,No
1032,Karan,18.0,Male,Bangalore,25567.0,5.0,No
1033,Aman,18.0,Female,Mumbai,53379.0,41.0,Yes
1034,Karan,37.0,Male,Bangalore,89968.0,87.0,No
1035,Rahul,36.0,Female,Mumbai,15319.0,61.0,Yes
1036,Aman,46.0,Male,,19791.0,75.0,No
1037,Simran,27.0,Male,Kolkata,15329.0,55.0,Yes
1038,Rahul,35.0,Female,Delhi,89387.0,75.0,Yes
1039,Riya,45.0,Female,Delhi,76032.0,13.0,No
1040,Priya,52.0,Female,,59078.0,14.0,Yes
1041,Simran,48.0,Female,Delhi,36300.0,,Yes
1042,Riya,44.0,Female,Lucknow,90700.0,72.0,No
1043,Vikas,28.0,Female,Mumbai,65945.0,25.0,No
1044,Simran,55.0,Male,Delhi,70609.0,82.0,No
1045,Vikas,22.0,Male,Lucknow,75562.0,44.0,Yes
1046,Aman,25.0,Female,Kolkata,76901.0,82.0,No
1047,Riya,51.0,Male,Delhi,20703.0,10.0,Yes
1048,Priya,29.0,Female,Lucknow,78115.0,71.0,No
1049,Rahul,55.0,Male,Bangalore,42676.0,50.0,No
1050,Neha,18.0,Female,,76710.0,44.0,Yes
1051,Karan,48.0,Male,Lucknow,75077.0,14.0,Yes
1052,Arjun,21.0,Male,Mumbai,60440.0,15.0,Yes
1053,Priya,22.0,Male,Mumbai,51923.0,16.0,No
1054,Riya,47.0,Male,Delhi,44802.0,2.0,No
1055,Neha,41.0,Male,Bangalore,77904.0,30.0,No
1056,Priya,20.0,Female,Mumbai,75162.0,30.0,Yes
1057,Riya,28.0,Female,Mumbai,80169.0,82.0,Yes
1058,Sneha,21.0,Female,Bangalore,83147.0,31.0,Yes
1059,Sneha,43.0,Male,Kolkata,37075.0,77.0,Yes
1060,Vikas,44.0,Female,Mumbai,97015.0,20.0,No
1061,Priya,44.0,Male,Lucknow,89716.0,,Yes
1062,Sneha,59.0,Male,Delhi,24304.0,35.0,Yes
1063,Riya,23.0,Male,Mumbai,74622.0,23.0,No
1064,Vikas,32.0,Female,Mumbai,69215.0,97.0,No
1065,Riya,47.0,Male,Kolkata,95146.0,99.0,Yes
1066,Vikas,59.0,Female,Lucknow,88973.0,61.0,Yes
1067,Priya,54.0,Female,Delhi,27521.0,84.0,Yes
1068,Neha,54.0,Male,,39028.0,55.0,Yes
1069,Rahul,59.0,Male,,54328.0,67.0,Yes
1070,Simran,54.0,Female,Bangalore,42301.0,,Yes
1071,Neha,52.0,Female,Mumbai,53015.0,40.0,No
1072,Aman,40.0,Female,Mumbai,51845.0,59.0,No
1073,Riya,23.0,Female,Bangalore,91394.0,32.0,No
1074,Aman,21.0,Female,Kolkata,59159.0,93.0,No
1075,Neha,35.0,Female,Mumbai,58714.0,7.0,Yes
1076,Vikas,26.0,Male,Delhi,95722.0,2.0,Yes
1077,Simran,46.0,Female,Lucknow,40230.0,85.0,Yes
1078,Simran,30.0,Female,,64262.0,6.0,Yes
1079,Arjun,34.0,Female,Kolkata,56722.0,92.0,No
1080,Simran,49.0,Female,Lucknow,61359.0,36.0,Yes
1081,Rahul,39.0,Male,,77796.0,32.0,Yes
1082,Simran,21.0,Male,Delhi,55159.0,45.0,Yes
1083,Neha,22.0,Female,Bangalore,20239.0,42.0,Yes
1084,Arjun,54.0,Female,Kolkata,65886.0,53.0,No
1085,Neha,58.0,Female,Bangalore,42195.0,9.0,Yes
1086,Neha,30.0,Male,Lucknow,49674.0,,No
1087,Karan,51.0,Male,Bangalore,33105.0,87.0,Yes
1088,Arjun,39.0,Male,Kolkata,44739.0,75.0,Yes
1089,Neha,40.0,Male,Mumbai,46969.0,49.0,Yes
1090,Karan,20.0,Male,Mumbai,29497.0,2.0,No
1091,Karan,59.0,Male,Lucknow,16816.0,67.0,Yes
1092,Arjun,51.0,Female,Mumbai,74254.0,11.0,Yes
1093,Aman,49.0,Male,Bangalore,84385.0,50.0,Yes
1094,Vikas,38.0,Male,Lucknow,48826.0,35.0,No
1095,Rahul,38.0,Female,Kolkata,78365.0,15.0,No
1096,Vikas,28.0,Male,Lucknow,99242.0,75.0,Yes
1097,Simran,56.0,Female,Lucknow,65100.0,31.0,No
1098,Rahul,21.0,Male,Delhi,19359.0,92.0,Yes
1099,Simran,,Female,Delhi,27809.0,62.0,Yes
1100,Neha,45.0,Female,Lucknow,79450.0,28.0,No
1101,Riya,41.0,Female,Mumbai,53428.0,96.0,Yes
1102,Arjun,52.0,Female,Delhi,87790.0,25.0,Yes
1103,Rahul,30.0,Female,Kolkata,17093.0,84.0,No
1104,Rahul,51.0,Male,Bangalore,59498.0,92.0,No
1105,Neha,28.0,Male,Delhi,55985.0,25.0,No
1106,Aman,53.0,Female,Lucknow,47009.0,75.0,No
1107,Karan,34.0,Female,Mumbai,97094.0,83.0,Yes
1108,Neha,52.0,Female,Bangalore,32718.0,92.0,Yes
1109,Sneha,,Male,Delhi,31705.0,1.0,Yes
1110,Karan,57.0,Female,Mumbai,77598.0,59.0,Yes
1111,Arjun,39.0,Female,Mumbai,92878.0,69.0,Yes
1112,Karan,41.0,Female,,27239.0,74.0,Yes
1113,Aman,36.0,Female,Lucknow,61622.0,,Yes
1114,Karan,54.0,Male,Kolkata,61665.0,34.0,Yes
1115,Arjun,56.0,Female,Mumbai,47274.0,66.0,No
1116,Aman,38.0,Female,Bangalore,26419.0,18.0,Yes
1117,Vikas,25.0,Male,Delhi,30003.0,77.0,Yes
1118,Rahul,45.0,Female,Bangalore,45866.0,5.0,Yes
1119,Rahul,22.0,Female,Lucknow,36988.0,,Yes
1120,Simran,34.0,Male,Lucknow,70894.0,66.0,Yes
1121,Vikas,54.0,Male,Bangalore,20674.0,75.0,No
1122,Vikas,53.0,Male,Kolkata,85538.0,62.0,No
1123,Karan,36.0,Female,Lucknow,81446.0,94.0,No
1124,Rahul,44.0,Female,Lucknow,44072.0,96.0,Yes
1125,Arjun,51.0,Male,Bangalore,48717.0,32.0,Yes
1126,Priya,28.0,Male,Lucknow,41651.0,58.0,Yes
1127,Priya,29.0,Male,Kolkata,59291.0,50.0,Yes
1128,Aman,38.0,Female,Kolkata,78350.0,38.0,No
1129,Rahul,28.0,Female,Kolkata,97020.0,55.0,No
1130,Rahul,56.0,Male,Delhi,19646.0,28.0,Yes
1131,Priya,45.0,Female,Kolkata,54713.0,74.0,Yes
1132,Rahul,22.0,Male,Kolkata,82936.0,86.0,No
1133,Karan,34.0,Female,Delhi,59331.0,81.0,No
1134,Sneha,37.0,Female,Mumbai,37185.0,22.0,No
1135,Riya,,Female,Lucknow,99263.0,43.0,No
1136,Vikas,29.0,Female,Kolkata,67107.0,83.0,No
1137,Simran,,Male,Lucknow,81554.0,81.0,No
1138,Aman,34.0,Female,Bangalore,32563.0,88.0,No
1139,Sneha,36.0,Female,Lucknow,85729.0,36.0,Yes
1140,Priya,43.0,Male,Delhi,30701.0,96.0,Yes
1141,Vikas,49.0,Female,Lucknow,84072.0,52.0,No
1142,Rahul,23.0,Male,Lucknow,63217.0,36.0,Yes
1143,Simran,53.0,Male,Lucknow,59610.0,28.0,No
1144,Rahul,55.0,Female,Mumbai,99422.0,78.0,Yes
1145,Arjun,28.0,Female,Mumbai,65131.0,58.0,No
1146,Arjun,50.0,Male,Bangalore,44410.0,36.0,Yes
1147,Simran,41.0,Male,Delhi,73715.0,70.0,No
1148,Simran,40.0,Male,Lucknow,53665.0,9.0,Yes
1149,Priya,32.0,Female,Lucknow,30957.0,21.0,Yes
1150,Simran,44.0,Male,Lucknow,63127.0,64.0,No
1151,Karan,28.0,Male,Lucknow,78589.0,76.0,No
1152,Rahul,34.0,Male,Mumbai,61008.0,61.0,No
1153,Sneha,31.0,Female,Bangalore,76920.0,94.0,Yes
1154,Neha,44.0,Male,Kolkata,47875.0,95.0,Yes
1155,Simran,35.0,Female,Delhi,16626.0,40.0,Yes
1156,Aman,45.0,Female,Lucknow,78822.0,56.0,Yes
1157,Arjun,21.0,Male,Bangalore,86765.0,4.0,No
1158,Karan,24.0,Female,Kolkata,87413.0,,No
1159,Vikas,52.0,Male,Bangalore,48642.0,27.0,Yes
1160,Neha,26.0,Female,Mumbai,53311.0,58.0,No
1161,Sneha,25.0,Female,Kolkata,47356.0,25.0,No
1162,Neha,34.0,Male,Bangalore,18809.0,69.0,No
1163,Simran,34.0,Male,Mumbai,58371.0,70.0,No
1164,Priya,50.0,Male,Bangalore,49875.0,5.0,Yes
1165,Arjun,49.0,Female,Bangalore,24465.0,91.0,No
1166,Arjun,25.0,Female,,81095.0,8.0,No
1167,Vikas,36.0,Male,Mumbai,88844.0,9.0,No
1168,Priya,55.0,Male,Lucknow,80250.0,15.0,Yes
1169,Rahul,20.0,Female,Delhi,30250.0,7.0,No
1170,Riya,22.0,Female,Kolkata,61023.0,96.0,Yes
1171,Karan,30.0,Female,Mumbai,61624.0,72.0,Yes
1172,Arjun,48.0,Male,Bangalore,,15.0,No
1173,Aman,33.0,Female,Mumbai,48276.0,37.0,No
1174,Arjun,49.0,Male,Delhi,86643.0,83.0,Yes
1175,Neha,39.0,Female,Delhi,94012.0,39.0,Yes
1176,Arjun,46.0,Female,,18439.0,6.0,Yes
1177,Arjun,39.0,Male,Lucknow,93672.0,83.0,Yes
1178,Riya,20.0,Male,Delhi,94703.0,57.0,No
1179,Riya,27.0,Male,Kolkata,32300.0,92.0,Yes
1180,Sneha,59.0,Female,Kolkata,75289.0,81.0,No
1181,Rahul,38.0,Female,Bangalore,32182.0,,No
1182,Aman,33.0,Female,Lucknow,85507.0,63.0,Yes
1183,Arjun,,Male,Bangalore,65912.0,31.0,No
1184,Arjun,19.0,Female,Lucknow,41909.0,75.0,Yes
1185,Karan,58.0,Male,Delhi,34659.0,79.0,Yes
1186,Riya,41.0,Male,Kolkata,46403.0,10.0,Yes
1187,Aman,52.0,Male,Kolkata,48586.0,87.0,No
1188,Vikas,47.0,Female,Delhi,25360.0,67.0,No
1189,Sneha,47.0,Female,Bangalore,36424.0,62.0,Yes
1190,Rahul,52.0,Male,Bangalore,63791.0,3.0,No
1191,Priya,36.0,Female,Mumbai,18065.0,18.0,No
1192,Rahul,25.0,Male,Lucknow,83795.0,,No
1193,Neha,43.0,Male,Bangalore,27300.0,20.0,No
1194,Arjun,57.0,Female,Delhi,48370.0,58.0,No
1195,Sneha,24.0,Male,Bangalore,84831.0,93.0,Yes
1196,Neha,47.0,Male,Kolkata,42209.0,86.0,No
1197,Aman,,Female,Lucknow,,50.0,No
1198,Priya,20.0,Male,Mumbai,49579.0,79.0,Yes
1199,Riya,18.0,Male,Lucknow,24032.0,10.0,No
1200,Sneha,,Male,Kolkata,93413.0,21.0,No
1201,Sneha,42.0,Male,Kolkata,55731.0,29.0,No
1202,Arjun,54.0,Male,Kolkata,68767.0,96.0,Yes
1203,Simran,18.0,Male,Kolkata,87302.0,10.0,No
1204,Sneha,32.0,Male,Delhi,64954.0,13.0,No
1205,Karan,54.0,Female,Mumbai,40102.0,47.0,Yes
1206,Priya,30.0,Female,Kolkata,,23.0,Yes
1207,Priya,57.0,Male,Kolkata,30932.0,50.0,No
1208,Karan,25.0,Male,Bangalore,40714.0,87.0,Yes
1209,Vikas,22.0,Female,Mumbai,72803.0,95.0,Yes
1210,Karan,26.0,Female,Lucknow,54743.0,4.0,Yes
1211,Karan,18.0,Female,Mumbai,17552.0,67.0,No
1212,Priya,53.0,Female,Mumbai,71627.0,85.0,No
1213,Rahul,52.0,Female,Mumbai,60987.0,53.0,Yes
1214,Priya,19.0,Male,Kolkata,94810.0,2.0,Yes
1215,Simran,57.0,Female,Kolkata,60380.0,68.0,Yes
1216,Arjun,40.0,Female,Delhi,44250.0,65.0,Yes
1217,Neha,26.0,Female,Lucknow,83344.0,79.0,No
1218,Rahul,51.0,Male,Bangalore,79686.0,57.0,Yes
1219,Riya,31.0,Male,Mumbai,60028.0,97.0,No
1220,Neha,21.0,Male,Lucknow,30295.0,70.0,Yes
1221,Arjun,47.0,Male,Lucknow,70248.0,7.0,No
1222,Simran,48.0,Male,Delhi,95205.0,,No
1223,Simran,55.0,Male,Bangalore,25523.0,44.0,Yes
1224,Riya,28.0,Female,Mumbai,60530.0,63.0,No
1225,Rahul,52.0,Male,Bangalore,28769.0,,No
1226,Vikas,25.0,Male,Delhi,,39.0,No
1227,Karan,20.0,Female,Kolkata,59645.0,83.0,Yes
1228,Rahul,31.0,Male,Lucknow,77142.0,26.0,No
1229,Vikas,30.0,Female,Mumbai,40557.0,44.0,No
1230,Simran,49.0,Female,Kolkata,94782.0,12.0,Yes
1231,Priya,51.0,Male,Delhi,93382.0,22.0,Yes
1232,Arjun,36.0,Female,Bangalore,52085.0,77.0,No
1233,Riya,55.0,Female,Lucknow,65708.0,92.0,No
1234,Arjun,33.0,Female,Mumbai,,14.0,Yes
1235,Aman,19.0,Female,Kolkata,28470.0,86.0,Yes
1236,Aman,57.0,Male,Kolkata,93712.0,30.0,No
1237,Rahul,34.0,Female,Lucknow,94082.0,44.0,No
1238,Simran,51.0,Male,Bangalore,21805.0,84.0,Yes
1239,Simran,59.0,Female,Delhi,97324.0,91.0,Yes
1240,Karan,33.0,Female,Bangalore,77028.0,38.0,No
1241,Karan,55.0,Female,Bangalore,65772.0,59.0,No
1242,Karan,19.0,Male,Bangalore,67104.0,42.0,Yes
1243,Priya,,Male,Lucknow,88616.0,52.0,No
1244,Neha,43.0,Male,Lucknow,21630.0,63.0,No
1245,Sneha,30.0,Female,Delhi,30701.0,61.0,No
1246,Neha,48.0,Female,Bangalore,29859.0,34.0,No
1247,Arjun,51.0,Female,Lucknow,36183.0,39.0,Yes
1248,Neha,,Female,Delhi,55438.0,41.0,Yes
1249,Priya,20.0,Male,Delhi,57244.0,37.0,No
1250,Arjun,25.0,Female,Bangalore,89312.0,65.0,No
1251,Neha,40.0,Male,Mumbai,30021.0,79.0,No
1252,Priya,31.0,Female,Bangalore,84863.0,32.0,No
1253,Sneha,44.0,Male,Mumbai,70565.0,8.0,Yes
1254,Neha,46.0,Male,Delhi,63043.0,97.0,No
1255,Priya,56.0,Female,Lucknow,88150.0,18.0,No
1256,Karan,56.0,Female,Kolkata,79361.0,45.0,Yes
1257,Simran,18.0,Male,Delhi,16245.0,93.0,Yes
1258,Karan,34.0,Female,Lucknow,56011.0,96.0,No
1259,Simran,58.0,Female,Delhi,25355.0,33.0,Yes
1260,Riya,,Male,,63692.0,5.0,Yes
1261,Riya,30.0,Male,Mumbai,64004.0,82.0,No
1262,Riya,38.0,Male,Delhi,44714.0,74.0,No
1263,Sneha,36.0,Male,Lucknow,32198.0,36.0,Yes
1264,Karan,36.0,Female,Bangalore,81951.0,97.0,No
1265,Simran,42.0,Male,Kolkata,16652.0,23.0,Yes
1266,Priya,39.0,Male,Bangalore,58625.0,40.0,Yes
1267,Arjun,48.0,Male,Mumbai,33740.0,5.0,Yes
1268,Priya,34.0,Female,Bangalore,18810.0,34.0,No
1269,Arjun,40.0,Male,Kolkata,31569.0,24.0,No
1270,Aman,49.0,Female,Lucknow,94120.0,17.0,Yes
1271,Priya,27.0,Male,Delhi,41783.0,95.0,Yes
1272,Neha,27.0,Male,Mumbai,93047.0,71.0,No
1273,Neha,53.0,Female,Kolkata,24471.0,,Yes
1274,Rahul,25.0,Male,Mumbai,21163.0,92.0,Yes
1275,Karan,37.0,Male,Bangalore,78087.0,22.0,No
1276,Arjun,49.0,Female,Mumbai,77071.0,15.0,No
1277,Arjun,31.0,Male,Kolkata,31065.0,,No
1278,Karan,45.0,Male,Delhi,98456.0,25.0,No
1279,Sneha,41.0,Male,Delhi,63348.0,53.0,Yes
1280,Rahul,,Male,Mumbai,34154.0,,No
1281,Sneha,39.0,Female,Lucknow,35229.0,66.0,No
1282,Sneha,47.0,Male,Mumbai,67587.0,91.0,Yes
1283,Sneha,21.0,Female,Bangalore,,32.0,Yes
1284,Karan,,Male,Delhi,41997.0,21.0,Yes
1285,Sneha,40.0,Female,Delhi,36101.0,68.0,No
1286,Neha,25.0,Male,,55391.0,44.0,Yes
1287,Riya,35.0,Female,Lucknow,90863.0,83.0,No
1288,Aman,29.0,Male,Lucknow,87723.0,,Yes
1289,Arjun,48.0,Female,Kolkata,74405.0,90.0,No
1290,Arjun,31.0,Female,Mumbai,49948.0,98.0,Yes
1291,Aman,51.0,Male,Mumbai,68031.0,14.0,No
1292,Karan,35.0,Female,Bangalore,52921.0,15.0,No
1293,Priya,51.0,Male,Delhi,87571.0,20.0,Yes
1294,Karan,28.0,Male,Lucknow,92007.0,34.0,Yes
1295,Arjun,58.0,Male,,,36.0,No
1296,Arjun,29.0,Male,Bangalore,36071.0,83.0,Yes
1297,Aman,32.0,Male,Lucknow,81118.0,,No
1298,Sneha,48.0,Female,Mumbai,63282.0,71.0,No
1299,Karan,46.0,Male,Delhi,,30.0,No
1300,Simran,43.0,Male,Mumbai,96067.0,77.0,Yes
1301,Aman,35.0,Male,,97208.0,91.0,No
1302,Neha,49.0,Male,Delhi,69816.0,63.0,No
1303,Arjun,39.0,Male,Kolkata,18060.0,35.0,No
1304,Aman,55.0,Male,Bangalore,28731.0,13.0,No
1305,Karan,34.0,Female,Mumbai,92830.0,,Yes
1306,Arjun,40.0,Female,Mumbai,35719.0,46.0,Yes
1307,Priya,41.0,Male,,62042.0,56.0,No
1308,Aman,25.0,Female,Lucknow,64116.0,9.0,Yes
1309,Rahul,58.0,Male,Bangalore,41325.0,87.0,Yes
1310,Arjun,23.0,Male,Delhi,37597.0,36.0,No
1311,Karan,22.0,Male,Mumbai,82439.0,3.0,Yes
1312,Riya,46.0,Male,Mumbai,29551.0,98.0,Yes
1313,Simran,45.0,Male,Lucknow,39278.0,19.0,Yes
1314,Vikas,28.0,Female,Delhi,30141.0,28.0,Yes
1315,Sneha,18.0,Female,Bangalore,82913.0,23.0,Yes
1316,Vikas,36.0,Female,Kolkata,48615.0,7.0,Yes
1317,Karan,26.0,Female,Lucknow,77751.0,76.0,No
1318,Neha,44.0,Male,Bangalore,42452.0,14.0,Yes
1319,Neha,51.0,Female,Kolkata,37725.0,46.0,No
1320,Riya,21.0,Male,Mumbai,65391.0,15.0,No
1321,Sneha,53.0,Female,Mumbai,90060.0,67.0,No
1322,Rahul,35.0,Female,Delhi,26698.0,15.0,Yes
1323,Riya,32.0,Female,Kolkata,92850.0,51.0,Yes
1324,Vikas,30.0,Female,Mumbai,17365.0,88.0,No
1325,Riya,36.0,Male,Mumbai,,8.0,No
1326,Vikas,23.0,Female,Delhi,59134.0,69.0,No
1327,Arjun,29.0,Female,Bangalore,52823.0,62.0,Yes
1328,Neha,54.0,Male,Mumbai,86158.0,51.0,Yes
1329,Arjun,34.0,Male,Lucknow,16949.0,63.0,Yes
1330,Simran,40.0,Female,Lucknow,64396.0,68.0,No
1331,Sneha,43.0,Male,Bangalore,46912.0,78.0,Yes
1332,Rahul,46.0,Male,Kolkata,71947.0,16.0,Yes
1333,Vikas,50.0,Male,Delhi,,84.0,No
1334,Rahul,44.0,Female,Lucknow,78965.0,24.0,Yes
1335,Vikas,42.0,Male,Lucknow,31508.0,6.0,No
1336,Karan,27.0,Female,,60592.0,57.0,Yes
1337,Riya,40.0,Female,,16919.0,31.0,No
1338,Simran,,Female,Kolkata,57595.0,6.0,Yes
1339,Neha,38.0,Female,Bangalore,24617.0,99.0,No
1340,Vikas,30.0,Male,Lucknow,90268.0,79.0,Yes
1341,Rahul,54.0,Female,Delhi,48298.0,29.0,No
1342,Simran,50.0,Male,Lucknow,21929.0,67.0,No
1343,Priya,41.0,Female,Kolkata,29456.0,75.0,Yes
1344,Priya,28.0,Male,Lucknow,98721.0,3.0,Yes
1345,Arjun,34.0,Female,Delhi,52924.0,28.0,No
1346,Neha,21.0,Male,Mumbai,,74.0,Yes
1347,Karan,42.0,Female,Lucknow,24228.0,97.0,No
1348,Rahul,47.0,Female,,,48.0,No
1349,Riya,26.0,Male,Mumbai,26920.0,80.0,Yes
1350,Riya,,Female,Bangalore,22432.0,10.0,Yes
1351,Rahul,37.0,Female,Bangalore,78575.0,33.0,Yes
1352,Sneha,36.0,Female,Bangalore,86725.0,67.0,No
1353,Karan,36.0,Male,Lucknow,48910.0,69.0,No
1354,Simran,29.0,Female,Kolkata,45226.0,12.0,Yes
1355,Vikas,54.0,Female,Mumbai,88150.0,57.0,No
1356,Sneha,59.0,Male,Delhi,74099.0,44.0,No
1357,Vikas,34.0,Male,Kolkata,33013.0,13.0,Yes
1358,Vikas,54.0,Male,Lucknow,36446.0,24.0,No
1359,Sneha,56.0,Male,Bangalore,85375.0,44.0,No
1360,Arjun,45.0,Male,Delhi,77509.0,57.0,No
1361,Priya,58.0,Female,Mumbai,15557.0,96.0,Yes
1362,Vikas,52.0,Female,Kolkata,45666.0,16.0,Yes
1363,Sneha,,Female,Kolkata,52389.0,96.0,No
1364,Sneha,31.0,Male,Delhi,62700.0,21.0,Yes
1365,Aman,52.0,Female,Lucknow,39578.0,76.0,No
1366,Arjun,58.0,Male,Mumbai,89779.0,51.0,Yes
1367,Neha,24.0,Male,Delhi,24596.0,21.0,No
1368,Aman,,Female,Bangalore,72500.0,60.0,No
1369,Aman,30.0,Male,Mumbai,87534.0,51.0,No
1370,Rahul,35.0,Male,Kolkata,25129.0,21.0,No
1371,Priya,54.0,Female,Delhi,78394.0,6.0,Yes
1372,Sneha,30.0,Male,Kolkata,81046.0,73.0,No
1373,Priya,53.0,Male,Kolkata,26596.0,65.0,No
1374,Karan,48.0,Female,Kolkata,80355.0,76.0,Yes
1375,Rahul,19.0,Male,Lucknow,27974.0,,Yes
1376,Neha,33.0,Male,,816730.0,78.0,No
1377,Priya,26.0,Female,Bangalore,852020.0,6.0,No
1378,Riya,26.0,Female,Bangalore,89442.0,65.0,Yes
1379,Vikas,55.0,Female,Mumbai,36818.0,86.0,No
1380,Karan,28.0,Female,Kolkata,58246.0,34.0,No
1381,Arjun,39.0,Male,Kolkata,70598.0,56.0,No
1382,Neha,50.0,Male,Delhi,17654.0,75.0,No
1383,Karan,53.0,Female,Lucknow,,3.0,No
1384,Vikas,40.0,Male,Mumbai,39204.0,42.0,No
1385,Rahul,51.0,Male,Kolkata,49928.0,62.0,No
1386,Vikas,26.0,Female,Delhi,68609.0,6.0,No
1387,Aman,41.0,Female,Lucknow,45552.0,6.0,No
1388,Vikas,25.0,Male,Mumbai,25336.0,63.0,Yes
1389,Aman,24.0,Female,Mumbai,62037.0,20.0,Yes
1390,Rahul,53.0,Female,Kolkata,31206.0,,Yes
1391,Simran,35.0,Female,Mumbai,,2.0,No
1392,Aman,20.0,Male,Delhi,58563.0,90.0,No
1393,Arjun,45.0,Female,,33361.0,95.0,No
1394,Vikas,23.0,Male,Bangalore,56335.0,90.0,Yes
1395,Vikas,38.0,Male,Delhi,89469.0,56.0,Yes
1396,Arjun,45.0,Male,Lucknow,40816.0,96.0,No
1397,Riya,57.0,Female,Lucknow,30619.0,10.0,Yes
1398,Sneha,18.0,Female,Kolkata,41819.0,87.0,Yes
1399,Simran,53.0,Female,Kolkata,26741.0,70.0,No
1400,Neha,38.0,Female,Bangalore,23798.0,23.0,No
1401,Aman,52.0,Female,Lucknow,40143.0,92.0,Yes
1402,Arjun,,Male,Lucknow,64695.0,30.0,No
1403,Rahul,27.0,Male,Lucknow,47747.0,78.0,Yes
1404,Aman,,Male,Lucknow,36182.0,37.0,Yes
1405,Sneha,30.0,Female,Mumbai,24415.0,55.0,Yes
1406,Rahul,,Male,Delhi,26085.0,,No
1407,Karan,,Male,Delhi,30008.0,49.0,Yes
1408,Vikas,41.0,Female,Bangalore,33452.0,34.0,Yes
1409,Karan,19.0,Female,Mumbai,79075.0,44.0,No
1410,Aman,39.0,Male,Lucknow,23120.0,22.0,No
1411,Sneha,34.0,Male,Lucknow,79385.0,31.0,Yes
1412,Simran,53.0,Female,Kolkata,88356.0,7.0,No
1413,Aman,,Female,Kolkata,33170.0,21.0,No
1414,Arjun,27.0,Female,Bangalore,31259.0,16.0,Yes
1415,Priya,52.0,Female,Lucknow,37099.0,20.0,No
1416,Aman,42.0,Male,Bangalore,24649.0,43.0,Yes
1417,Vikas,20.0,Male,Mumbai,,44.0,No
1418,Vikas,55.0,Female,Delhi,56037.0,47.0,No
1419,Aman,34.0,Male,Lucknow,26805.0,19.0,Yes
1420,Rahul,29.0,Male,Mumbai,58147.0,48.0,Yes
1421,Priya,41.0,Female,Lucknow,,96.0,No
1422,Arjun,46.0,Male,Kolkata,61053.0,79.0,No
1423,Aman,42.0,Male,Bangalore,91215.0,69.0,No
1424,Rahul,53.0,Male,Kolkata,25985.0,11.0,Yes
1425,Vikas,43.0,Female,Delhi,27391.0,79.0,No
1426,Vikas,55.0,Female,Kolkata,19861.0,29.0,Yes
1427,Sneha,18.0,Male,Lucknow,78582.0,,No
1428,Aman,37.0,Female,Kolkata,66928.0,68.0,No
1429,Priya,45.0,Female,Lucknow,49364.0,36.0,No
1430,Riya,33.0,Female,Delhi,97399.0,48.0,No
1431,Priya,34.0,Male,Kolkata,57923.0,87.0,No
1432,Vikas,57.0,Male,Bangalore,22919.0,15.0,Yes
1433,Vikas,45.0,Female,Bangalore,70896.0,44.0,Yes
1434,Karan,29.0,Male,Bangalore,62396.0,67.0,Yes
1435,Vikas,44.0,Male,Kolkata,49840.0,96.0,No
1436,Arjun,59.0,Male,Kolkata,57255.0,74.0,Yes
1437,Neha,47.0,Male,,86160.0,40.0,Yes
1438,Aman,58.0,Male,Lucknow,23176.0,86.0,No
1439,Priya,51.0,Female,Delhi,48529.0,14.0,No
1440,Neha,,Male,Bangalore,71406.0,63.0,Yes
1441,Rahul,23.0,Male,Lucknow,,81.0,Yes
1442,Riya,24.0,Male,Bangalore,,85.0,Yes
1443,Arjun,49.0,Female,Lucknow,59859.0,51.0,Yes
1444,Priya,49.0,Female,Kolkata,,79.0,Yes
1445,Neha,42.0,Female,Bangalore,66083.0,58.0,Yes
1446,Riya,50.0,Male,Kolkata,,15.0,Yes
1447,Karan,24.0,Female,Bangalore,35323.0,65.0,No
1448,Arjun,29.0,Female,,21021.0,88.0,Yes
1449,Arjun,33.0,Female,,54807.0,55.0,No
1450,Karan,33.0,Female,Mumbai,65355.0,76.0,No
1451,Aman,,Male,Lucknow,59732.0,,No
1452,Karan,30.0,Female,Delhi,23711.0,42.0,Yes
1453,Arjun,,Female,Bangalore,78079.0,95.0,Yes
1454,Arjun,53.0,Male,Delhi,22904.0,11.0,No
1455,Neha,26.0,Male,,79033.0,16.0,Yes
1456,Vikas,49.0,Female,Lucknow,70096.0,73.0,Yes
1457,Riya,28.0,Male,Mumbai,,78.0,No
1458,Karan,25.0,Female,Kolkata,39918.0,,Yes
1459,Riya,50.0,Male,Lucknow,87743.0,31.0,No
1460,Karan,40.0,Male,Kolkata,77636.0,73.0,No
1461,Rahul,42.0,Female,Delhi,73806.0,53.0,No
1462,Arjun,,Male,Kolkata,24394.0,90.0,No
1463,Vikas,39.0,Female,Mumbai,28280.0,8.0,Yes
1464,Neha,21.0,Male,Lucknow,51303.0,24.0,No
1465,Vikas,57.0,Female,Mumbai,42453.0,8.0,Yes
1466,Vikas,20.0,Male,Mumbai,75695.0,83.0,Yes
1467,Vikas,,Male,Lucknow,83449.0,48.0,Yes
1468,Riya,58.0,Male,Mumbai,40765.0,30.0,Yes
1469,Karan,46.0,Male,Bangalore,17340.0,58.0,No
1470,Simran,51.0,Male,Bangalore,53057.0,86.0,No
1471,Rahul,51.0,Female,Bangalore,15597.0,55.0,No
1472,Priya,45.0,Male,Kolkata,72988.0,73.0,No
1473,Vikas,30.0,Female,Mumbai,30025.0,62.0,No
1474,Aman,,Female,Lucknow,22145.0,48.0,Yes
1475,Riya,40.0,Female,Lucknow,70797.0,4.0,No
1476,Neha,43.0,Male,Kolkata,,37.0,Yes
1477,Priya,21.0,Female,Lucknow,88230.0,8.0,Yes
1478,Simran,43.0,Male,Bangalore,19830.0,1.0,No
1479,Aman,57.0,Female,Mumbai,38930.0,92.0,Yes
1480,Simran,26.0,Female,Lucknow,38752.0,70.0,Yes
1481,Priya,22.0,Female,Lucknow,91025.0,47.0,No
1482,Vikas,49.0,Female,Delhi,96304.0,75.0,No
1483,Aman,37.0,Female,Delhi,77040.0,5.0,No
1484,Simran,28.0,Male,Delhi,82696.0,50.0,Yes
1485,Neha,32.0,Female,Mumbai,79648.0,24.0,No
1486,Karan,49.0,Female,Bangalore,70030.0,47.0,No
1487,Arjun,45.0,Male,Bangalore,71815.0,18.0,Yes
1488,Karan,,Male,Bangalore,50690.0,84.0,No
1489,Priya,58.0,Male,Mumbai,72923.0,28.0,Yes
1490,Riya,34.0,Female,Mumbai,51572.0,77.0,Yes
1491,Arjun,43.0,Female,Delhi,69030.0,5.0,No
1492,Rahul,24.0,Female,Lucknow,82904.0,30.0,Yes
1493,Neha,59.0,Female,Kolkata,44203.0,1.0,Yes
1494,Rahul,43.0,Female,,92088.0,86.0,No
1495,Aman,42.0,Female,Lucknow,20608.0,82.0,No
1496,Arjun,27.0,Male,Delhi,60667.0,46.0,No
1497,Rahul,36.0,Male,Lucknow,70547.0,69.0,Yes
1498,Rahul,28.0,Female,Lucknow,37485.0,31.0,Yes
1499,Simran,30.0,Female,Kolkata,24862.0,70.0,No
1500,Karan,25.0,Female,Delhi,90948.0,91.0,No
1501,Simran,57.0,Female,Mumbai,86880.0,56.0,No
1502,Arjun,21.0,Female,Kolkata,72560.0,89.0,Yes
1503,Arjun,48.0,Male,Mumbai,98529.0,93.0,No
1504,Priya,45.0,Male,Delhi,43415.0,28.0,Yes
1505,Simran,28.0,Female,Lucknow,79523.0,16.0,No
1506,Sneha,18.0,Male,Bangalore,34323.0,54.0,Yes
1507,Karan,55.0,Female,Bangalore,68214.0,53.0,Yes
1508,Arjun,41.0,Female,Delhi,32997.0,12.0,No
1509,Priya,,Female,Bangalore,72003.0,20.0,Yes
1510,Simran,58.0,Male,Mumbai,18679.0,82.0,Yes
1511,Karan,43.0,Male,Bangalore,55308.0,34.0,No
1512,Simran,22.0,Female,Delhi,90024.0,,No
1513,Rahul,37.0,Male,Delhi,54842.0,64.0,Yes
1514,Priya,58.0,Male,Mumbai,,23.0,Yes
1515,Karan,28.0,Female,Bangalore,84532.0,27.0,Yes
1516,Vikas,50.0,Male,,68938.0,17.0,No
1517,Aman,,Male,Lucknow,20695.0,48.0,Yes
1518,Aman,44.0,Female,,73499.0,21.0,Yes
1519,Karan,51.0,Female,Delhi,38382.0,50.0,No
1520,Simran,32.0,Male,Lucknow,29235.0,40.0,No
1521,Priya,49.0,Female,Delhi,77223.0,95.0,No
1522,Aman,38.0,Male,Lucknow,17366.0,3.0,No
1523,Priya,22.0,Female,Kolkata,42467.0,17.0,No
1524,Aman,23.0,Female,Lucknow,74316.0,61.0,Yes
1525,Rahul,55.0,Female,Delhi,21764.0,50.0,Yes
1526,Simran,39.0,Female,,76836.0,90.0,Yes
1527,Rahul,35.0,Male,Delhi,46923.0,87.0,No
1528,Aman,31.0,Female,Mumbai,31292.0,6.0,No
1529,Vikas,27.0,Female,Mumbai,16614.0,28.0,No
1530,Vikas,30.0,Female,Mumbai,35939.0,72.0,Yes
1531,Rahul,48.0,Male,Mumbai,33800.0,55.0,No
1532,Vikas,47.0,Male,Kolkata,71440.0,58.0,No
1533,Aman,20.0,Female,Bangalore,38246.0,45.0,No
1534,Karan,47.0,Female,Bangalore,67805.0,72.0,Yes
1535,Rahul,23.0,Female,Delhi,64648.0,19.0,No
1536,Riya,46.0,Female,,71851.0,29.0,No
1537,Simran,25.0,Female,,,23.0,Yes
1538,Vikas,50.0,Female,Delhi,44764.0,32.0,No
1539,Vikas,34.0,Male,Delhi,47470.0,,No
1540,Arjun,28.0,Female,Delhi,53501.0,91.0,No
1541,Sneha,30.0,Female,Bangalore,72207.0,49.0,Yes
1542,Rahul,28.0,Female,Lucknow,77157.0,65.0,No
1543,Neha,48.0,Female,Delhi,18216.0,29.0,No
1544,Vikas,,Female,Bangalore,37072.0,59.0,Yes
1545,Simran,23.0,Female,Delhi,52132.0,45.0,Yes
1546,Riya,58.0,Male,Mumbai,32861.0,67.0,No
1547,Vikas,33.0,Male,Delhi,79186.0,51.0,Yes
1548,Riya,21.0,Male,Delhi,19960.0,95.0,No
1549,Aman,52.0,Male,Kolkata,33781.0,11.0,Yes
1550,Aman,,Male,Mumbai,,86.0,No
1551,Sneha,29.0,Male,Lucknow,37578.0,82.0,No
1552,Karan,28.0,Female,Delhi,32883.0,99.0,No
1553,Neha,54.0,Female,Lucknow,44782.0,6.0,Yes
1554,Arjun,42.0,Female,Mumbai,71387.0,67.0,Yes
1555,Sneha,35.0,Female,Delhi,31979.0,62.0,No
1556,Priya,36.0,Female,,48746.0,5.0,No
1557,Arjun,40.0,Female,Bangalore,81266.0,,No
1558,Rahul,55.0,Male,,15056.0,28.0,No
1559,Simran,35.0,Female,Kolkata,46457.0,83.0,Yes
1560,Priya,43.0,Male,Bangalore,17243.0,92.0,Yes
1561,Priya,23.0,Male,Bangalore,70031.0,91.0,No
1562,Sneha,21.0,Female,Bangalore,16701.0,77.0,Yes
1563,Karan,46.0,Female,Delhi,71381.0,38.0,Yes
1564,Sneha,51.0,Female,,,43.0,Yes
1565,Rahul,34.0,Female,,,21.0,No
1566,Vikas,33.0,Female,,95636.0,91.0,No
1567,Vikas,19.0,Female,,81483.0,62.0,Yes
1568,Karan,51.0,Female,Mumbai,35505.0,46.0,Yes
1569,Rahul,25.0,Male,Bangalore,21553.0,70.0,No
1570,Karan,30.0,Female,Kolkata,48525.0,38.0,No
1571,Riya,59.0,Female,Kolkata,95402.0,49.0,No
1572,Vikas,25.0,Male,Delhi,59348.0,75.0,Yes
1573,Priya,47.0,Female,Delhi,86187.0,81.0,Yes
1574,Neha,49.0,Female,Lucknow,22273.0,39.0,Yes
1575,Simran,53.0,Male,Lucknow,79236.0,71.0,No
1576,Rahul,47.0,Female,Mumbai,90569.0,30.0,No
1577,Arjun,18.0,Female,Mumbai,18535.0,21.0,No
1578,Karan,56.0,Female,Mumbai,33677.0,1.0,No
1579,Simran,34.0,Female,Mumbai,98024.0,89.0,No
1580,Arjun,37.0,Female,Kolkata,15908.0,32.0,Yes
1581,Simran,41.0,Female,Kolkata,85153.0,,Yes
1582,Neha,39.0,Male,Lucknow,50079.0,69.0,Yes
1583,Arjun,46.0,Female,Delhi,96556.0,30.0,No
1584,Sneha,39.0,Female,Delhi,,8.0,Yes
1585,Aman,26.0,Male,Bangalore,60320.0,19.0,No
1586,Sneha,,Male,Kolkata,61105.0,59.0,Yes
1587,Vikas,27.0,Female,Mumbai,45164.0,55.0,Yes
1588,Aman,53.0,Male,Mumbai,16885.0,30.0,No
1589,Sneha,54.0,Female,Bangalore,72819.0,79.0,Yes
1590,Aman,45.0,Female,Delhi,16049.0,36.0,Yes
1591,Aman,45.0,Male,Mumbai,68281.0,55.0,Yes
1592,Priya,59.0,Female,Delhi,58271.0,44.0,Yes
1593,Karan,38.0,Female,Bangalore,81697.0,27.0,Yes
1594,Karan,41.0,Male,Delhi,81351.0,77.0,Yes
1595,Priya,59.0,Male,Delhi,515340.0,78.0,Yes
1596,Simran,57.0,Male,Delhi,73097.0,54.0,No
1597,Riya,19.0,Male,Mumbai,68813.0,48.0,Yes
1598,Simran,25.0,Female,Lucknow,40037.0,30.0,No
1599,Arjun,44.0,Male,Kolkata,51007.0,39.0,Yes
1600,Arjun,39.0,Male,Delhi,94478.0,13.0,No
1601,Aman,54.0,Male,Delhi,42278.0,16.0,No
1602,Sneha,44.0,Male,Delhi,23272.0,44.0,Yes
1603,Sneha,46.0,Male,Lucknow,72183.0,71.0,No
1604,Karan,20.0,Female,Bangalore,53294.0,27.0,No
1605,Rahul,30.0,Male,,88277.0,45.0,Yes
1606,Simran,27.0,Female,Lucknow,77509.0,35.0,No
1607,Vikas,53.0,Male,Delhi,19694.0,79.0,Yes
1608,Neha,26.0,Male,Lucknow,73150.0,28.0,No
1609,Sneha,44.0,Male,Lucknow,82470.0,99.0,No
1610,Neha,51.0,Male,Lucknow,36556.0,7.0,No
1611,Aman,18.0,Male,Bangalore,79471.0,62.0,No
1612,Neha,49.0,Male,,64855.0,,Yes
1613,Vikas,42.0,Male,Mumbai,64086.0,46.0,Yes
1614,Priya,46.0,Male,Bangalore,33907.0,20.0,Yes
1615,Vikas,24.0,Female,,86695.0,96.0,Yes
1616,Neha,20.0,Male,Kolkata,63487.0,38.0,Yes
1617,Vikas,37.0,Female,Bangalore,44158.0,61.0,No
1618,Riya,37.0,Male,Lucknow,35293.0,32.0,Yes
1619,Aman,47.0,Female,Lucknow,60761.0,26.0,No
1620,Simran,52.0,Male,Delhi,48387.0,58.0,Yes
1621,Priya,,Male,Bangalore,55750.0,,Yes
1622,Sneha,56.0,Male,Delhi,83602.0,20.0,Yes
1623,Arjun,44.0,Female,Mumbai,,82.0,Yes
1624,Simran,43.0,Female,Lucknow,20594.0,50.0,No
1625,Arjun,31.0,Female,Mumbai,17460.0,79.0,Yes
1626,Aman,34.0,Female,Kolkata,87356.0,,No
1627,Priya,35.0,Male,Lucknow,69698.0,86.0,No
1628,Karan,46.0,Male,Mumbai,31191.0,22.0,Yes
1629,Sneha,37.0,Male,Kolkata,99631.0,53.0,No
1630,Riya,44.0,Female,Mumbai,25529.0,85.0,No
1631,Karan,35.0,Male,Kolkata,47175.0,66.0,Yes
1632,Aman,21.0,Female,Kolkata,32675.0,43.0,No
1633,Simran,18.0,Female,Lucknow,58158.0,82.0,Yes
1634,Riya,18.0,Female,Delhi,61798.0,23.0,Yes
1635,Vikas,43.0,Female,Kolkata,85910.0,77.0,No
1636,Neha,37.0,Female,Kolkata,40976.0,64.0,No
1637,Riya,40.0,Male,Lucknow,78116.0,9.0,No
1638,Aman,27.0,Female,Delhi,93678.0,7.0,No
1639,Rahul,28.0,Female,Bangalore,77821.0,41.0,No
1640,Neha,58.0,Male,Bangalore,27204.0,54.0,No
1641,Arjun,58.0,Female,Delhi,70665.0,65.0,No
1642,Sneha,22.0,Female,,22394.0,2.0,Yes
1643,Arjun,18.0,Male,Lucknow,79814.0,4.0,Yes
1644,Riya,34.0,Male,Delhi,48593.0,78.0,Yes
1645,Arjun,39.0,Male,Bangalore,56964.0,32.0,No
1646,Aman,51.0,Female,Kolkata,92188.0,2.0,No
1647,Vikas,58.0,Male,,68365.0,64.0,No
1648,Simran,46.0,Male,Kolkata,15443.0,14.0,Yes
1649,Sneha,21.0,Male,Lucknow,43180.0,20.0,Yes
1650,Arjun,22.0,Female,Kolkata,63791.0,,Yes
1651,Arjun,28.0,Male,Delhi,,49.0,No
1652,Riya,38.0,Female,Kolkata,58665.0,8.0,Yes
1653,Simran,52.0,Female,Mumbai,18465.0,92.0,Yes
1654,Karan,29.0,Male,Delhi,83247.0,63.0,No
1655,Arjun,,Female,Lucknow,66559.0,46.0,Yes
1656,Aman,36.0,Female,Delhi,40198.0,21.0,Yes
1657,Rahul,24.0,Male,Mumbai,69740.0,87.0,Yes
1658,Sneha,24.0,Female,Lucknow,37488.0,32.0,No
1659,Arjun,43.0,Male,Bangalore,53515.0,8.0,Yes
1660,Aman,,Female,Mumbai,42898.0,95.0,No
1661,Aman,22.0,Female,Lucknow,16919.0,16.0,No
1662,Sneha,38.0,Male,Kolkata,65070.0,40.0,Yes
1663,Karan,31.0,Male,Delhi,77613.0,27.0,Yes
1664,Aman,21.0,Female,Lucknow,,18.0,No
1665,Rahul,40.0,Female,Delhi,62003.0,35.0,No
1666,Aman,59.0,Male,Kolkata,63478.0,52.0,No
1667,Aman,,Female,,29434.0,15.0,No
1668,Aman,32.0,Female,Bangalore,61246.0,63.0,No
1669,Vikas,46.0,Female,Mumbai,,53.0,Yes
1670,Vikas,25.0,Female,Lucknow,74030.0,91.0,No
1671,Karan,58.0,Male,Kolkata,68061.0,81.0,Yes
1672,Arjun,36.0,Male,Lucknow,16999.0,66.0,No
1673,Aman,56.0,Male,Delhi,29849.0,31.0,Yes
1674,Simran,45.0,Male,Lucknow,91439.0,61.0,No
1675,Arjun,44.0,Male,Bangalore,67800.0,64.0,Yes
1676,Karan,21.0,Male,Lucknow,20445.0,98.0,Yes
1677,Priya,32.0,Female,Mumbai,33040.0,34.0,No
1678,Arjun,52.0,Male,Lucknow,79315.0,55.0,No
1679,Arjun,54.0,Female,Delhi,15246.0,59.0,Yes
1680,Neha,18.0,Female,Lucknow,46153.0,3.0,Yes
1681,Riya,20.0,Female,Bangalore,20212.0,17.0,Yes
1682,Neha,,Male,Kolkata,18339.0,78.0,No
1683,Rahul,44.0,Female,Lucknow,,78.0,No
1684,Vikas,57.0,Male,,34394.0,46.0,No
1685,Vikas,53.0,Female,Mumbai,68871.0,38.0,No
1686,Riya,51.0,Female,Bangalore,92722.0,35.0,Yes
1687,Sneha,46.0,Male,Kolkata,49607.0,1.0,No
1688,Sneha,41.0,Female,Delhi,67055.0,29.0,No
1689,Karan,41.0,Female,Lucknow,19395.0,4.0,No
1690,Riya,59.0,Female,Kolkata,30290.0,61.0,No
1691,Arjun,21.0,Female,Delhi,80078.0,97.0,No
1692,Sneha,20.0,Male,Bangalore,18691.0,17.0,Yes
1693,Aman,51.0,Female,,22470.0,28.0,No
1694,Simran,40.0,Female,Kolkata,18841.0,50.0,Yes
1695,Arjun,40.0,Male,Delhi,78197.0,90.0,No
1696,Rahul,22.0,Female,Bangalore,,8.0,No
1697,Aman,48.0,Female,Kolkata,32776.0,34.0,No
1698,Aman,58.0,Female,Bangalore,86596.0,59.0,No
1699,Riya,23.0,Female,Bangalore,42584.0,18.0,Yes
1700,Karan,54.0,Male,Bangalore,19300.0,95.0,Yes
1701,Rahul,27.0,Female,Mumbai,18338.0,59.0,No
1702,Sneha,57.0,Male,Delhi,77601.0,27.0,Yes
1703,Riya,24.0,Female,Kolkata,20487.0,16.0,Yes
1704,Sneha,56.0,Female,Kolkata,51282.0,10.0,No
1705,Riya,55.0,Female,Delhi,91816.0,76.0,Yes
1706,Riya,38.0,Male,Delhi,43804.0,22.0,Yes
1707,Riya,37.0,Female,Delhi,24915.0,16.0,No
1708,Karan,20.0,Female,Delhi,26158.0,12.0,No
1709,Riya,39.0,Male,Lucknow,89157.0,75.0,Yes
1710,Priya,21.0,Male,Kolkata,25547.0,84.0,No
1711,Simran,45.0,Male,Lucknow,17459.0,51.0,No
1712,Sneha,29.0,Male,Bangalore,43768.0,1.0,No
1713,Arjun,55.0,Female,Bangalore,78146.0,27.0,Yes
1714,Neha,53.0,Female,Kolkata,65870.0,67.0,No
1715,Rahul,58.0,Female,Bangalore,65460.0,12.0,No
1716,Vikas,22.0,Female,Delhi,97970.0,30.0,Yes
1717,Karan,30.0,Male,Lucknow,75817.0,9.0,Yes
1718,Arjun,40.0,Female,Delhi,53247.0,53.0,Yes
1719,Aman,47.0,Female,Bangalore,30419.0,61.0,Yes
1720,Priya,54.0,Female,Lucknow,50577.0,54.0,Yes
1721,Vikas,42.0,Female,Delhi,17921.0,37.0,No
1722,Neha,44.0,Male,Kolkata,19676.0,,Yes
1723,Arjun,31.0,Female,Delhi,64684.0,42.0,No
1724,Vikas,53.0,Female,Bangalore,28463.0,49.0,Yes
1725,Arjun,56.0,Female,Lucknow,40474.0,4.0,No
1726,Priya,33.0,Male,Kolkata,55935.0,64.0,No
1727,Neha,39.0,Male,Lucknow,82005.0,79.0,Yes
1728,Aman,38.0,Female,Kolkata,73596.0,51.0,Yes
1729,Riya,38.0,Female,Lucknow,87828.0,91.0,Yes
1730,Sneha,25.0,Female,Bangalore,70152.0,72.0,Yes
1731,Aman,33.0,Male,Kolkata,87467.0,60.0,Yes
1732,Riya,48.0,Female,Mumbai,67576.0,87.0,Yes
1733,Karan,59.0,Female,Lucknow,81627.0,79.0,No
1734,Simran,27.0,Female,Lucknow,,91.0,No
1735,Rahul,49.0,Male,Delhi,31363.0,31.0,No
1736,Rahul,51.0,Female,Kolkata,43490.0,72.0,No
1737,Sneha,26.0,Female,Mumbai,74004.0,94.0,No
1738,Neha,34.0,Male,Bangalore,68806.0,58.0,Yes
1739,Priya,28.0,Male,Delhi,15260.0,,Yes
1740,Neha,49.0,Female,Mumbai,90992.0,4.0,No
1741,Priya,27.0,Male,Kolkata,37320.0,22.0,No
1742,Neha,39.0,Female,Mumbai,93971.0,3.0,Yes
1743,Simran,34.0,Male,Lucknow,57145.0,79.0,Yes
1744,Karan,21.0,Male,Lucknow,78688.0,99.0,Yes
1745,Karan,42.0,Female,Delhi,63581.0,47.0,Yes
1746,Riya,38.0,Female,Kolkata,35754.0,38.0,No
1747,Vikas,54.0,Female,Kolkata,84837.0,33.0,No
1748,Karan,55.0,Male,Mumbai,22207.0,78.0,Yes
1749,Karan,18.0,Female,,42920.0,48.0,Yes
1750,Aman,42.0,Female,Kolkata,39016.0,65.0,No
1751,Aman,53.0,Female,Lucknow,75522.0,26.0,No
1752,Riya,34.0,Female,Mumbai,,8.0,No
1753,Vikas,58.0,Female,Bangalore,69068.0,,Yes
1754,Sneha,41.0,Male,Lucknow,35102.0,80.0,No
1755,Aman,19.0,Female,Delhi,16924.0,38.0,Yes
1756,Sneha,57.0,Female,Kolkata,69333.0,10.0,Yes
1757,Arjun,32.0,Male,Lucknow,99458.0,42.0,Yes
1758,Aman,49.0,Female,Bangalore,99196.0,37.0,No
1759,Simran,56.0,Female,Bangalore,,26.0,No
1760,Vikas,23.0,Female,Delhi,72346.0,92.0,Yes
1761,Riya,18.0,Female,Lucknow,90481.0,12.0,No
1762,Arjun,40.0,Female,Mumbai,65062.0,84.0,Yes
1763,Vikas,56.0,Male,Lucknow,15306.0,49.0,No
1764,Simran,34.0,Male,Bangalore,84767.0,14.0,Yes
1765,Vikas,51.0,Male,Delhi,27207.0,46.0,Yes
1766,Simran,58.0,Female,Delhi,54426.0,35.0,No
1767,Simran,46.0,Male,Mumbai,21336.0,29.0,No
1768,Sneha,26.0,Female,Delhi,90166.0,12.0,Yes
1769,Neha,30.0,Female,Delhi,32256.0,82.0,No
1770,Arjun,23.0,Female,Delhi,64817.0,,Yes
1771,Vikas,23.0,Male,Delhi,48719.0,66.0,Yes
1772,Priya,37.0,Male,Delhi,57017.0,2.0,Yes
1773,Arjun,20.0,Male,Bangalore,60704.0,59.0,Yes
1774,Neha,34.0,Female,Lucknow,45013.0,17.0,Yes
1775,Arjun,29.0,Male,,94991.0,10.0,Yes
1776,Karan,18.0,Female,Delhi,85258.0,18.0,Yes
1777,Priya,34.0,Male,Kolkata,93348.0,22.0,Yes
1778,Neha,20.0,Male,Kolkata,51776.0,83.0,No
1779,Sneha,43.0,Female,Bangalore,25060.0,58.0,No
1780,Vikas,32.0,Female,Delhi,93592.0,53.0,Yes
1781,Rahul,53.0,Male,Kolkata,21655.0,1.0,Yes
1782,Neha,49.0,Male,Delhi,64923.0,88.0,Yes
1783,Riya,49.0,Male,Mumbai,93563.0,61.0,No
1784,Vikas,21.0,Female,,19030.0,89.0,Yes
1785,Neha,35.0,Female,Mumbai,48289.0,31.0,Yes
1786,Karan,36.0,Male,Kolkata,34739.0,31.0,Yes
1787,Rahul,52.0,Male,Mumbai,76687.0,66.0,No
1788,Karan,57.0,Female,Bangalore,51491.0,19.0,No
1789,Rahul,31.0,Male,Bangalore,87115.0,53.0,No
1790,Riya,50.0,Female,Kolkata,98778.0,76.0,Yes
1791,Vikas,31.0,Female,Delhi,19781.0,74.0,Yes
1792,Sneha,51.0,Female,Lucknow,35448.0,95.0,No
1793,Karan,21.0,Female,Delhi,66550.0,22.0,Yes
1794,Karan,41.0,Female,Delhi,64294.0,23.0,No
1795,Simran,46.0,Female,Delhi,36446.0,87.0,No
1796,Rahul,36.0,Male,Delhi,91579.0,,Yes
1797,Aman,23.0,Female,,32101.0,26.0,Yes
1798,Vikas,50.0,Female,Mumbai,81178.0,3.0,Yes
1799,Rahul,57.0,Male,Delhi,43016.0,87.0,Yes
1800,Simran,36.0,Female,Bangalore,33932.0,20.0,No
1801,Arjun,18.0,Male,Kolkata,59653.0,40.0,No
1802,Rahul,22.0,Female,,67802.0,39.0,No
1803,Sneha,44.0,Male,Bangalore,22549.0,72.0,No
1804,Vikas,33.0,Male,Delhi,93933.0,18.0,No
1805,Simran,23.0,Female,Lucknow,40362.0,41.0,No
1806,Arjun,57.0,Female,Mumbai,62842.0,70.0,Yes
1807,Priya,30.0,Female,Kolkata,61539.0,27.0,No
1808,Simran,52.0,Female,Mumbai,48717.0,15.0,Yes
1809,Priya,36.0,Male,Lucknow,69596.0,37.0,Yes
1810,Vikas,29.0,Male,Kolkata,38016.0,58.0,No
1811,Karan,33.0,Male,Mumbai,70200.0,5.0,No
1812,Simran,27.0,Female,Lucknow,95268.0,73.0,Yes
1813,Riya,42.0,Male,Mumbai,75287.0,7.0,Yes
1814,Priya,,Female,Delhi,98402.0,41.0,No
1815,Sneha,48.0,Female,Lucknow,57607.0,84.0,No
1816,Riya,21.0,Male,Mumbai,42621.0,,Yes
1817,Neha,,Female,Delhi,27823.0,62.0,No
1818,Neha,,Male,Delhi,,26.0,No
1819,Arjun,39.0,Female,Lucknow,79325.0,68.0,No
1820,Karan,54.0,Male,Bangalore,72771.0,24.0,No
1821,Vikas,25.0,Female,Kolkata,69973.0,78.0,No
1822,Simran,24.0,Male,Lucknow,29690.0,41.0,Yes
1823,Aman,31.0,Male,Delhi,54107.0,65.0,No
1824,Sneha,20.0,Female,Delhi,72888.0,17.0,No
1825,Priya,33.0,Female,Lucknow,25956.0,24.0,Yes
1826,Vikas,36.0,Male,Bangalore,71227.0,27.0,Yes
1827,Riya,35.0,Female,Kolkata,51533.0,7.0,No
1828,Neha,33.0,Female,Mumbai,71234.0,73.0,No
1829,Sneha,25.0,Female,Lucknow,82594.0,99.0,Yes
1830,Aman,50.0,Male,Kolkata,71901.0,12.0,No
1831,Simran,29.0,Male,Kolkata,26519.0,85.0,No
1832,Arjun,28.0,Female,Delhi,46115.0,3.0,No
1833,Aman,22.0,Female,Mumbai,81266.0,79.0,Yes
1834,Sneha,44.0,Male,Lucknow,16832.0,85.0,No
1835,Aman,29.0,Female,Delhi,56368.0,10.0,No
1836,Sneha,34.0,Male,Delhi,84715.0,33.0,Yes
1837,Sneha,23.0,Female,Bangalore,86835.0,46.0,No
1838,Rahul,50.0,Female,Kolkata,88366.0,59.0,No
1839,Priya,22.0,Female,Lucknow,52570.0,52.0,No
1840,Neha,45.0,Male,Lucknow,21615.0,6.0,No
1841,Rahul,31.0,Male,Lucknow,87298.0,2.0,Yes
1842,Simran,22.0,Male,Delhi,53311.0,29.0,Yes
1843,Rahul,50.0,Male,Bangalore,38434.0,40.0,No
1844,Karan,58.0,Female,Mumbai,30739.0,97.0,No
1845,Karan,36.0,Female,Delhi,81202.0,61.0,No
1846,Neha,39.0,Male,Mumbai,94599.0,68.0,No
1847,Aman,22.0,Female,Bangalore,48649.0,68.0,Yes
1848,Priya,19.0,Female,Kolkata,,29.0,Yes
1849,Neha,47.0,Male,Lucknow,54470.0,62.0,Yes
1850,Sneha,56.0,Female,Mumbai,89965.0,60.0,No
1851,Riya,21.0,Female,Delhi,63621.0,84.0,No
1852,Priya,50.0,Male,Mumbai,47926.0,41.0,No
1853,Priya,30.0,Female,Kolkata,52997.0,87.0,Yes
1854,Sneha,37.0,Female,,74940.0,82.0,Yes
1855,Sneha,24.0,Female,Mumbai,55724.0,89.0,Yes
1856,Arjun,32.0,Male,Kolkata,46704.0,65.0,Yes
1857,Neha,40.0,Male,,43391.0,64.0,Yes
1858,Sneha,31.0,Female,Bangalore,78291.0,79.0,No
1859,Karan,40.0,Female,Delhi,17526.0,63.0,No
1860,Simran,,Female,Lucknow,,98.0,No
1861,Riya,46.0,Male,Delhi,88339.0,48.0,Yes
1862,Neha,37.0,Male,Delhi,21574.0,20.0,No
1863,Vikas,46.0,Male,Delhi,23733.0,37.0,No
1864,Karan,41.0,Female,Delhi,65290.0,64.0,Yes
1865,Aman,35.0,Female,Lucknow,87793.0,,Yes
1866,Sneha,27.0,Female,Kolkata,51051.0,86.0,Yes
1867,Vikas,58.0,Female,,30909.0,5.0,No
1868,Sneha,25.0,Female,Bangalore,92338.0,34.0,Yes
1869,Priya,43.0,Male,Mumbai,,39.0,No
1870,Karan,46.0,Female,Mumbai,43133.0,67.0,No
1871,Priya,27.0,Female,Bangalore,66571.0,81.0,Yes
1872,Arjun,,Female,Lucknow,94062.0,62.0,No
1873,Priya,19.0,Male,Bangalore,65908.0,88.0,Yes
1874,Arjun,23.0,Female,Lucknow,26278.0,24.0,Yes
1875,Arjun,22.0,Male,Mumbai,66458.0,3.0,No
1876,Vikas,45.0,Male,Lucknow,79265.0,71.0,No
1877,Sneha,58.0,Male,Kolkata,71782.0,89.0,No
1878,Aman,22.0,Male,Bangalore,70415.0,67.0,Yes
1879,Priya,35.0,Male,Kolkata,69160.0,79.0,No
1880,Karan,43.0,Female,Mumbai,69399.0,93.0,Yes
1881,Arjun,37.0,Female,Bangalore,40298.0,50.0,Yes
1882,Sneha,58.0,Male,Mumbai,37191.0,29.0,No
1883,Riya,44.0,Male,Kolkata,71964.0,74.0,No
1884,Neha,29.0,Male,Mumbai,48092.0,32.0,No
1885,Vikas,24.0,Female,Bangalore,90257.0,87.0,No
1886,Aman,20.0,Female,,77513.0,39.0,Yes
1887,Rahul,27.0,Male,Mumbai,66097.0,9.0,No
1888,Vikas,51.0,Female,Bangalore,45279.0,14.0,Yes
1889,Riya,42.0,Female,Bangalore,29404.0,68.0,No
1890,Neha,52.0,Male,Mumbai,85022.0,64.0,No
1891,Riya,33.0,Male,Kolkata,,20.0,No
1892,Priya,19.0,Female,Bangalore,64997.0,28.0,Yes
1893,Arjun,41.0,Female,,93692.0,14.0,No
1894,Aman,27.0,Female,Bangalore,,44.0,Yes
1895,Simran,,Male,Bangalore,76032.0,98.0,No
1896,Arjun,39.0,Male,Mumbai,17179.0,77.0,No
1897,Simran,43.0,Male,Kolkata,17019.0,95.0,Yes
1898,Neha,56.0,Female,Kolkata,96455.0,97.0,Yes
1899,Sneha,44.0,Female,Lucknow,33704.0,39.0,No
1900,Rahul,46.0,Male,Bangalore,33030.0,28.0,No
1901,Karan,55.0,Female,Bangalore,84445.0,64.0,Yes
1902,Arjun,37.0,Male,Lucknow,,89.0,No
1903,Aman,44.0,Female,Kolkata,18420.0,32.0,Yes
1904,Riya,58.0,Male,Delhi,74875.0,9.0,No
1905,Aman,37.0,Female,,,28.0,Yes
1906,Neha,36.0,Female,Kolkata,31740.0,95.0,Yes
1907,Simran,37.0,Male,Bangalore,80263.0,17.0,Yes
1908,Riya,52.0,Male,Delhi,79559.0,87.0,Yes
1909,Karan,19.0,Male,Mumbai,34465.0,77.0,Yes
1910,Karan,47.0,Male,Mumbai,66432.0,55.0,No
1911,Arjun,51.0,Male,Lucknow,19131.0,10.0,No
1912,Neha,39.0,Female,Kolkata,25652.0,80.0,No
1913,Sneha,20.0,Male,Kolkata,79973.0,6.0,No
1914,Neha,23.0,Male,Delhi,62147.0,48.0,No
1915,Simran,32.0,Male,Bangalore,62671.0,,No
1916,Aman,44.0,Male,Kolkata,34171.0,67.0,No
1917,Karan,27.0,Male,Delhi,70692.0,92.0,No
1918,Aman,26.0,Female,Delhi,73541.0,41.0,No
1919,Aman,50.0,Male,Kolkata,24470.0,79.0,Yes
1920,Aman,49.0,Male,Delhi,76344.0,60.0,Yes
1921,Karan,23.0,Male,Lucknow,59308.0,77.0,No
1922,Vikas,58.0,Female,Lucknow,65639.0,42.0,Yes
1923,Priya,53.0,Female,Kolkata,36326.0,,No
1924,Simran,19.0,Male,Bangalore,19597.0,71.0,Yes
1925,Vikas,,Male,Lucknow,45788.0,28.0,Yes
1926,Simran,21.0,Female,Lucknow,80020.0,13.0,Yes
1927,Riya,18.0,Female,Kolkata,64477.0,81.0,No
1928,Neha,,Female,Mumbai,48071.0,15.0,No
1929,Neha,43.0,Male,Delhi,85603.0,36.0,No
1930,Rahul,42.0,Male,Lucknow,76923.0,92.0,No
1931,Neha,27.0,Female,Mumbai,85560.0,15.0,Yes
1932,Karan,32.0,Male,Bangalore,88251.0,75.0,No
1933,Sneha,39.0,Female,Mumbai,72492.0,56.0,Yes
1934,Arjun,38.0,Female,Kolkata,46770.0,95.0,No
1935,Rahul,39.0,Female,,91762.0,4.0,Yes
1936,Arjun,53.0,Male,Bangalore,50399.0,99.0,Yes
1937,Simran,,Female,Mumbai,93948.0,98.0,Yes
1938,Arjun,47.0,Female,Kolkata,72439.0,52.0,Yes
1939,Arjun,42.0,Male,Lucknow,59415.0,91.0,No
1940,Rahul,45.0,Female,Mumbai,27569.0,10.0,No
1941,Riya,18.0,Male,Lucknow,17369.0,94.0,Yes
1942,Aman,21.0,Female,Mumbai,15528.0,45.0,No
1943,Neha,24.0,Male,,45314.0,84.0,No
1944,Neha,26.0,Female,Mumbai,33047.0,29.0,Yes
1945,Karan,53.0,Female,Bangalore,34748.0,53.0,No
1946,Rahul,36.0,Female,Delhi,50109.0,29.0,No
1947,Karan,18.0,Female,,28919.0,23.0,No
1948,Sneha,27.0,Female,Lucknow,62498.0,57.0,Yes
1949,Sneha,53.0,Male,Kolkata,70808.0,50.0,No
1950,Karan,26.0,Male,Bangalore,95792.0,21.0,Yes
1951,Rahul,59.0,Female,Delhi,85441.0,43.0,Yes
1952,Karan,49.0,Female,Lucknow,89420.0,10.0,Yes
1953,Neha,49.0,Female,Bangalore,43906.0,76.0,No
1954,Vikas,23.0,Male,Mumbai,86486.0,30.0,No
1955,Priya,55.0,Male,Kolkata,81896.0,51.0,No
1956,Arjun,34.0,Female,Lucknow,36946.0,33.0,Yes
1957,Priya,27.0,Male,Bangalore,62020.0,18.0,No
1958,Rahul,44.0,Female,Lucknow,89266.0,78.0,Yes
1959,Priya,52.0,Female,Mumbai,37161.0,22.0,No
1960,Sneha,38.0,Female,Delhi,42738.0,64.0,Yes
1961,Simran,42.0,Male,Bangalore,18925.0,21.0,No
1962,Arjun,45.0,Female,Lucknow,23463.0,1.0,No
1963,Aman,32.0,Female,Lucknow,72153.0,15.0,No
1964,Rahul,21.0,Female,Lucknow,97948.0,36.0,Yes
1965,Arjun,46.0,Male,Delhi,76009.0,47.0,Yes
1966,Priya,26.0,Male,Lucknow,56552.0,54.0,No
1967,Sneha,44.0,Male,Kolkata,71271.0,86.0,Yes
1968,Riya,43.0,Female,Kolkata,24797.0,32.0,Yes
1969,Vikas,36.0,Male,Lucknow,86942.0,58.0,Yes
1970,Aman,45.0,Female,Kolkata,28965.0,46.0,No
1971,Vikas,,Male,Bangalore,28733.0,54.0,No
1972,Arjun,58.0,Female,Kolkata,68223.0,33.0,No
1973,Sneha,59.0,Male,Lucknow,41926.0,39.0,Yes
1974,Sneha,37.0,Female,Mumbai,43783.0,23.0,No
1975,Priya,57.0,Male,Bangalore,98360.0,43.0,Yes
1976,Neha,56.0,Male,Delhi,51394.0,55.0,Yes
1977,Priya,40.0,Male,Lucknow,79796.0,2.0,No
1978,Neha,49.0,Female,Delhi,43287.0,66.0,No
1979,Neha,50.0,Male,Mumbai,,38.0,No
1980,Aman,22.0,Male,Delhi,45436.0,29.0,Yes
1981,Priya,51.0,Male,Lucknow,88567.0,67.0,Yes
1982,Riya,57.0,Male,Lucknow,,71.0,No
1983,Karan,28.0,Female,Mumbai,21765.0,36.0,Yes
1984,Karan,20.0,Male,Lucknow,66626.0,29.0,No
1985,Priya,50.0,Female,Mumbai,25807.0,37.0,No
1986,Priya,28.0,Female,Mumbai,25204.0,87.0,No
1987,Vikas,33.0,Female,Lucknow,,45.0,No
1988,Aman,35.0,Female,Kolkata,57120.0,,No
1989,Priya,47.0,Male,Mumbai,37658.0,31.0,No
1990,Vikas,27.0,Female,Lucknow,52081.0,34.0,Yes
1991,Neha,35.0,Female,Kolkata,49986.0,50.0,Yes
1992,Sneha,,Female,Mumbai,94322.0,65.0,No
1993,Sneha,36.0,Female,Kolkata,65304.0,82.0,No
1994,Neha,53.0,Male,Bangalore,80592.0,62.0,Yes
1995,Rahul,30.0,Male,Bangalore,73548.0,43.0,Yes
1996,Vikas,20.0,Female,Kolkata,54986.0,56.0,No
1997,Vikas,27.0,Female,Mumbai,89095.0,,No
1998,Neha,,Female,Lucknow,81151.0,48.0,Yes
1999,Riya,18.0,Male,Delhi,88598.0,49.0,No
2000,Simran,44.0,Male,Lucknow,43214.0,81.0,Yes
2001,Arjun,25.0,Male,Delhi,53745.0,44.0,No
2002,Neha,59.0,Male,Delhi,57548.0,10.0,Yes
2003,Priya,34.0,Male,Mumbai,25681.0,20.0,No
2004,Priya,26.0,Female,Kolkata,21984.0,70.0,No
2005,Aman,23.0,Male,Lucknow,42579.0,8.0,No
2006,Neha,42.0,Male,Kolkata,69933.0,45.0,Yes
2007,Aman,56.0,Female,Bangalore,42399.0,,No
2008,Neha,45.0,Male,Mumbai,46481.0,96.0,Yes
2009,Vikas,50.0,Male,Mumbai,15944.0,51.0,Yes
2010,Arjun,54.0,Male,Bangalore,24114.0,4.0,Yes
2011,Vikas,26.0,Female,Lucknow,,39.0,Yes
2012,Simran,,Male,Bangalore,98666.0,84.0,No
2013,Sneha,38.0,Female,Lucknow,,24.0,No
2014,Karan,19.0,Female,Delhi,47596.0,88.0,No
2015,Neha,55.0,Male,Mumbai,90287.0,55.0,Yes
2016,Simran,57.0,Male,Lucknow,21907.0,26.0,No
2017,Sneha,53.0,Male,Kolkata,43114.0,25.0,Yes
2018,Rahul,54.0,Male,Kolkata,40009.0,36.0,Yes
2019,Arjun,,Female,Mumbai,99846.0,71.0,Yes
2020,Aman,45.0,Male,Bangalore,65241.0,,No
2021,Aman,35.0,Female,,50725.0,58.0,Yes
2022,Vikas,51.0,Female,Lucknow,33996.0,12.0,No
2023,Priya,39.0,Female,Bangalore,21047.0,1.0,No
2024,Sneha,28.0,Female,Mumbai,43767.0,50.0,No
2025,Rahul,30.0,Female,Lucknow,31347.0,25.0,Yes
2026,Simran,21.0,Male,Delhi,,80.0,No
2027,Arjun,39.0,Female,Bangalore,,5.0,Yes
2028,Sneha,24.0,Female,Bangalore,82438.0,83.0,Yes
2029,Rahul,41.0,Male,Lucknow,45540.0,68.0,Yes
2030,Karan,21.0,Male,Kolkata,90726.0,6.0,Yes
2031,Neha,45.0,Female,Bangalore,78769.0,26.0,No
2032,Aman,32.0,Female,Mumbai,55843.0,55.0,No
2033,Simran,18.0,Male,Bangalore,42690.0,39.0,No
2034,Aman,20.0,Female,Delhi,17994.0,9.0,No
2035,Simran,31.0,Male,Bangalore,82546.0,45.0,Yes
2036,Vikas,55.0,Male,Kolkata,22377.0,14.0,Yes
2037,Priya,18.0,Female,Bangalore,93572.0,55.0,Yes
2038,Simran,55.0,Male,Lucknow,41467.0,9.0,Yes
2039,Aman,55.0,Female,Bangalore,15048.0,15.0,No
2040,Vikas,38.0,Female,Kolkata,51978.0,37.0,No
2041,Simran,46.0,Female,,62606.0,50.0,Yes
2042,Karan,22.0,Male,Mumbai,96574.0,84.0,Yes
2043,Priya,27.0,Female,Lucknow,88414.0,72.0,Yes
2044,Simran,45.0,Male,Delhi,64222.0,96.0,Yes
2045,Vikas,38.0,Female,Lucknow,63115.0,21.0,No
2046,Sneha,24.0,Female,Mumbai,,57.0,Yes
2047,Riya,20.0,Male,Bangalore,69607.0,19.0,No
2048,Rahul,37.0,Female,Lucknow,72410.0,93.0,No
2049,Riya,36.0,Female,Lucknow,36996.0,58.0,Yes
2050,Riya,52.0,Male,Lucknow,69921.0,95.0,Yes
2051,Arjun,21.0,Male,Lucknow,98697.0,6.0,No
2052,Karan,,Male,,610220.0,4.0,No
2053,Sneha,18.0,Female,Kolkata,55148.0,43.0,Yes
2054,Neha,,Male,Kolkata,82764.0,93.0,No
2055,Simran,29.0,Male,Lucknow,23888.0,42.0,Yes
2056,Rahul,44.0,Female,Mumbai,54159.0,3.0,Yes
2057,Priya,59.0,Male,Mumbai,57197.0,1.0,No
2058,Sneha,40.0,Female,Lucknow,99326.0,55.0,No
2059,Aman,42.0,Female,Delhi,39474.0,15.0,Yes
2060,Neha,,Male,Lucknow,32333.0,47.0,Yes
2061,Arjun,41.0,Female,Delhi,51355.0,85.0,No
2062,Arjun,42.0,Male,,,46.0,No
2063,Sneha,49.0,Male,,81258.0,58.0,No
2064,Vikas,,Male,Delhi,46145.0,95.0,No
2065,Riya,22.0,Male,Lucknow,90675.0,71.0,Yes
2066,Aman,53.0,Female,Delhi,648540.0,81.0,Yes
2067,Arjun,59.0,Female,Bangalore,82664.0,83.0,Yes
2068,Rahul,59.0,Male,Kolkata,50285.0,39.0,No
2069,Arjun,56.0,Male,Mumbai,32533.0,3.0,No
2070,Priya,33.0,Female,Delhi,47624.0,30.0,Yes
2071,Simran,50.0,Male,Delhi,61996.0,35.0,No
2072,Arjun,38.0,Female,Mumbai,61947.0,57.0,No
2073,Priya,26.0,Male,Delhi,,29.0,No
2074,Sneha,23.0,Female,Mumbai,66030.0,50.0,No
2075,Sneha,52.0,Female,Lucknow,73597.0,62.0,No
2076,Neha,56.0,Female,Bangalore,57443.0,52.0,No
2077,Arjun,39.0,Male,Bangalore,80464.0,14.0,Yes
2078,Rahul,58.0,Male,Kolkata,18952.0,35.0,Yes
2079,Arjun,22.0,Male,Delhi,71880.0,28.0,Yes
2080,Rahul,59.0,Male,Kolkata,67201.0,58.0,Yes
2081,Karan,40.0,Male,Lucknow,57460.0,30.0,No
2082,Neha,34.0,Female,Bangalore,37796.0,90.0,Yes
2083,Karan,29.0,Female,Lucknow,46746.0,7.0,Yes
2084,Arjun,40.0,Female,Lucknow,15015.0,39.0,Yes
2085,Neha,33.0,Female,Delhi,64757.0,95.0,Yes
2086,Karan,20.0,Female,Lucknow,40957.0,69.0,No
2087,Riya,47.0,Female,Bangalore,96541.0,35.0,No
2088,Arjun,39.0,Female,Kolkata,,52.0,Yes
2089,Karan,26.0,Male,Bangalore,46876.0,14.0,Yes
2090,Riya,46.0,Female,Delhi,75727.0,63.0,No
2091,Riya,54.0,Male,Bangalore,62046.0,36.0,No
2092,Sneha,40.0,Female,Mumbai,29817.0,91.0,Yes
2093,Arjun,30.0,Female,Kolkata,24759.0,24.0,No
2094,Riya,49.0,Male,Mumbai,63432.0,40.0,No
2095,Sneha,40.0,Female,Mumbai,21412.0,29.0,Yes
2096,Karan,34.0,Male,Delhi,72757.0,53.0,No
2097,Priya,57.0,Female,Lucknow,35504.0,,Yes
2098,Arjun,38.0,Male,Mumbai,23507.0,72.0,Yes
2099,Neha,19.0,Female,Bangalore,36050.0,15.0,No
2100,Rahul,54.0,Male,Lucknow,19820.0,69.0,No
2101,Rahul,23.0,Male,Bangalore,22835.0,64.0,No
2102,Karan,35.0,Female,Bangalore,28587.0,4.0,No
2103,Vikas,47.0,Female,Lucknow,72732.0,75.0,No
2104,Vikas,39.0,Male,Lucknow,,18.0,No
2105,Karan,50.0,Female,Bangalore,60499.0,42.0,Yes
2106,Riya,47.0,Male,Delhi,21840.0,30.0,No
2107,Arjun,34.0,Female,Kolkata,80077.0,15.0,Yes
2108,Rahul,49.0,Male,,46440.0,70.0,No
2109,Rahul,59.0,Female,Delhi,50183.0,55.0,No
2110,Riya,31.0,Male,Lucknow,17389.0,53.0,No
2111,Rahul,27.0,Female,Bangalore,70076.0,16.0,No
2112,Neha,53.0,Male,Kolkata,81299.0,73.0,No
2113,Arjun,51.0,Male,Bangalore,54023.0,34.0,Yes
2114,Simran,26.0,Female,Delhi,65029.0,27.0,Yes
2115,Rahul,59.0,Female,Bangalore,54941.0,13.0,Yes
2116,Karan,45.0,Male,Delhi,68950.0,27.0,No
2117,Neha,28.0,Male,Lucknow,91054.0,73.0,No
2118,Rahul,31.0,Male,Delhi,80363.0,69.0,No
2119,Neha,56.0,Male,Delhi,76742.0,86.0,Yes
2120,Sneha,36.0,Female,Kolkata,60215.0,31.0,Yes
2121,Simran,32.0,Male,Bangalore,62857.0,3.0,No
2122,Aman,45.0,Male,Kolkata,70476.0,30.0,Yes
2123,Karan,,Male,Mumbai,43173.0,21.0,No
2124,Karan,25.0,Female,Delhi,24395.0,99.0,No
2125,Arjun,,Male,Mumbai,74768.0,6.0,Yes
2126,Neha,50.0,Female,Kolkata,99743.0,92.0,Yes
2127,Riya,50.0,Female,Bangalore,61229.0,,Yes
2128,Karan,36.0,Female,Kolkata,41639.0,42.0,Yes
2129,Neha,20.0,Female,Bangalore,77583.0,62.0,No
2130,Neha,27.0,Female,Bangalore,43924.0,89.0,No
2131,Priya,57.0,Female,Lucknow,87969.0,,Yes
2132,Priya,59.0,Female,Delhi,45104.0,99.0,Yes
2133,Aman,18.0,Male,Kolkata,52594.0,86.0,Yes
2134,Sneha,46.0,Male,Bangalore,18664.0,88.0,Yes
2135,Aman,51.0,Female,Kolkata,,39.0,No
2136,Rahul,30.0,Male,Kolkata,43190.0,64.0,No
2137,Riya,18.0,Male,Bangalore,81033.0,30.0,No
2138,Rahul,51.0,Female,Mumbai,76161.0,,No
2139,Vikas,46.0,Male,Delhi,88177.0,96.0,No
2140,Rahul,30.0,Female,Delhi,85179.0,31.0,No
2141,Arjun,46.0,Male,Lucknow,85592.0,87.0,No
2142,Rahul,56.0,Female,Lucknow,47899.0,40.0,Yes
2143,Aman,41.0,Female,Lucknow,85979.0,33.0,No
2144,Karan,43.0,Male,Delhi,32241.0,63.0,Yes
2145,Karan,34.0,Male,Mumbai,61211.0,25.0,Yes
2146,Priya,,Female,Delhi,78472.0,36.0,Yes
2147,Riya,30.0,Female,Delhi,89248.0,24.0,No
2148,Riya,22.0,Female,Delhi,88757.0,95.0,No
2149,Arjun,43.0,Male,Delhi,,58.0,No
2150,Aman,20.0,Male,Mumbai,96196.0,,No
2151,Priya,24.0,Male,Lucknow,,46.0,Yes
2152,Vikas,56.0,Male,Kolkata,57220.0,77.0,No
2153,Riya,18.0,Female,Lucknow,32942.0,10.0,Yes
2154,Karan,34.0,Female,Lucknow,64167.0,87.0,No
2155,Rahul,42.0,Female,Kolkata,51373.0,82.0,No
2156,Rahul,20.0,Female,Delhi,82143.0,32.0,Yes
2157,Priya,32.0,Male,Mumbai,17016.0,97.0,Yes
2158,Aman,46.0,Female,Mumbai,,36.0,Yes
2159,Aman,49.0,Female,Lucknow,61309.0,28.0,No
2160,Sneha,43.0,Male,Kolkata,22274.0,16.0,No
2161,Simran,33.0,Male,Bangalore,30748.0,16.0,Yes
2162,Riya,42.0,Female,Delhi,35175.0,18.0,No
2163,Aman,45.0,Male,Lucknow,26826.0,8.0,Yes
2164,Karan,26.0,Female,Mumbai,98008.0,80.0,No
2165,Priya,18.0,Male,Kolkata,49129.0,75.0,Yes
2166,Vikas,46.0,Male,Kolkata,85009.0,70.0,Yes
2167,Sneha,39.0,Female,Lucknow,38490.0,,No
2168,Neha,33.0,Male,Bangalore,56435.0,,Yes
2169,Arjun,58.0,Female,Mumbai,90017.0,76.0,No
2170,Vikas,58.0,Male,Lucknow,23520.0,38.0,No
2171,Neha,24.0,Male,Bangalore,98106.0,92.0,Yes
2172,Rahul,31.0,Male,Kolkata,76877.0,,Yes
2173,Arjun,46.0,Male,Delhi,34798.0,58.0,No
2174,Riya,36.0,Male,Mumbai,69638.0,81.0,No
2175,Karan,36.0,Female,Mumbai,84072.0,1.0,Yes
2176,Arjun,19.0,Male,Bangalore,82309.0,32.0,Yes
2177,Simran,58.0,Female,Lucknow,44894.0,8.0,Yes
2178,Neha,32.0,Male,Kolkata,77963.0,40.0,No
2179,Riya,20.0,Female,Bangalore,69567.0,56.0,No
2180,Simran,28.0,Male,Delhi,50326.0,63.0,No
2181,Rahul,47.0,Female,Delhi,70059.0,88.0,Yes
2182,Simran,57.0,Female,Delhi,20079.0,74.0,Yes
2183,Sneha,35.0,Male,Bangalore,40838.0,74.0,No
2184,Sneha,19.0,Male,Kolkata,62109.0,36.0,No
2185,Priya,49.0,Male,Mumbai,40594.0,89.0,Yes
2186,Vikas,25.0,Female,Lucknow,57749.0,57.0,No
2187,Vikas,39.0,Female,Mumbai,51292.0,74.0,Yes
2188,Riya,23.0,Male,Kolkata,89534.0,83.0,Yes
2189,Rahul,29.0,Male,,94233.0,45.0,Yes
2190,Aman,57.0,Female,Bangalore,66818.0,,No
2191,Sneha,53.0,Female,Delhi,28429.0,,No
2192,Riya,32.0,Male,Kolkata,72748.0,2.0,Yes
2193,Aman,45.0,Female,Kolkata,63807.0,93.0,Yes
2194,Vikas,35.0,Male,Mumbai,22140.0,68.0,No
2195,Priya,19.0,Male,Bangalore,78226.0,50.0,Yes
2196,Simran,30.0,Male,Mumbai,29901.0,29.0,No
2197,Sneha,32.0,Female,Mumbai,,95.0,No
2198,Riya,37.0,Female,,35491.0,81.0,No
2199,Arjun,46.0,Female,Mumbai,83816.0,10.0,Yes
2200,Aman,59.0,Female,Delhi,49980.0,27.0,Yes
2201,Simran,46.0,Male,Mumbai,23078.0,15.0,Yes
2202,Sneha,20.0,Female,Delhi,63704.0,60.0,Yes
2203,Vikas,36.0,Male,Kolkata,31997.0,31.0,No
2204,Rahul,20.0,Male,Bangalore,94810.0,21.0,Yes
2205,Aman,31.0,Male,Delhi,15868.0,60.0,No
2206,Vikas,57.0,Female,Bangalore,41398.0,58.0,Yes
2207,Sneha,21.0,Male,Bangalore,96578.0,41.0,Yes
2208,Aman,28.0,Male,Delhi,36246.0,46.0,Yes
2209,Simran,48.0,Female,Kolkata,35561.0,45.0,Yes
2210,Sneha,49.0,Male,Lucknow,31254.0,26.0,Yes
2211,Neha,44.0,Female,Bangalore,49512.0,,No
2212,Riya,47.0,Female,Bangalore,,,Yes
2213,Simran,19.0,Female,Kolkata,72865.0,,Yes
2214,Aman,,Male,Kolkata,38580.0,81.0,Yes
2215,Rahul,45.0,Female,Mumbai,85959.0,51.0,Yes
2216,Vikas,48.0,Female,Kolkata,,3.0,Yes
2217,Arjun,51.0,Female,Bangalore,57485.0,14.0,No
2218,Vikas,32.0,Female,Delhi,65621.0,49.0,Yes
2219,Aman,42.0,Male,Lucknow,65665.0,,No
2220,Vikas,,Female,Mumbai,85412.0,91.0,Yes
2221,Riya,25.0,Male,Delhi,65603.0,1.0,No
2222,Sneha,26.0,Female,Lucknow,36038.0,57.0,Yes
2223,Arjun,54.0,Male,,,17.0,Yes
2224,Karan,56.0,Female,Lucknow,50892.0,50.0,No
2225,Aman,49.0,Male,Delhi,16753.0,98.0,Yes
2226,Priya,34.0,Female,Mumbai,32996.0,14.0,No
2227,Karan,52.0,Male,Mumbai,83811.0,59.0,Yes
2228,Vikas,54.0,Male,Lucknow,89283.0,81.0,No
2229,Aman,36.0,Male,Delhi,60211.0,3.0,No
2230,Neha,46.0,Female,Lucknow,77820.0,98.0,No
2231,Priya,24.0,Male,,15824.0,40.0,Yes
2232,Arjun,45.0,Male,Mumbai,28880.0,89.0,No
2233,Rahul,26.0,Male,Bangalore,81617.0,66.0,Yes
2234,Neha,45.0,Male,Lucknow,26517.0,34.0,No
2235,Karan,23.0,Female,Kolkata,,90.0,No
2236,Sneha,46.0,Male,Mumbai,31876.0,95.0,No
2237,Riya,34.0,Male,Delhi,71354.0,9.0,Yes
2238,Rahul,33.0,Male,,88802.0,94.0,Yes
2239,Neha,40.0,Female,Delhi,91719.0,84.0,Yes
2240,Sneha,48.0,Male,,93413.0,21.0,No
2241,Sneha,20.0,Male,Lucknow,24982.0,93.0,Yes
2242,Aman,38.0,Male,Lucknow,89504.0,25.0,Yes
2243,Neha,43.0,Male,Mumbai,41598.0,44.0,No
2244,Arjun,53.0,Female,Kolkata,29639.0,25.0,No
2245,Vikas,59.0,Male,Mumbai,85210.0,9.0,Yes
2246,Priya,54.0,Male,Bangalore,84852.0,62.0,Yes
2247,Priya,39.0,Female,Delhi,24695.0,26.0,Yes
2248,Karan,59.0,Female,Delhi,63582.0,57.0,No
2249,Karan,29.0,Female,Lucknow,46094.0,37.0,No
2250,Priya,59.0,Male,Kolkata,75635.0,,No
2251,Arjun,30.0,Female,Lucknow,37187.0,37.0,No
2252,Riya,28.0,Male,Bangalore,16214.0,76.0,No
2253,Simran,33.0,Female,Mumbai,38940.0,24.0,Yes
2254,Vikas,25.0,Male,Mumbai,59406.0,26.0,Yes
2255,Riya,57.0,Female,Kolkata,58481.0,20.0,Yes
2256,Aman,57.0,Male,Lucknow,30977.0,9.0,No
2257,Simran,19.0,Female,Lucknow,59839.0,87.0,No
2258,Simran,47.0,Male,Bangalore,72874.0,29.0,Yes
2259,Neha,47.0,Male,Mumbai,73414.0,,Yes
2260,Arjun,29.0,Male,Lucknow,40538.0,19.0,Yes
2261,Arjun,27.0,Male,Kolkata,71241.0,20.0,No
2262,Simran,28.0,Male,Mumbai,,87.0,No
2263,Neha,32.0,Male,Bangalore,90133.0,27.0,No
2264,Vikas,33.0,Male,Kolkata,75481.0,94.0,No
2265,Simran,34.0,Male,Delhi,42740.0,85.0,No
2266,Rahul,43.0,Female,Bangalore,78328.0,44.0,Yes
2267,Karan,19.0,Male,Kolkata,87105.0,35.0,Yes
2268,Karan,29.0,Male,Lucknow,65643.0,71.0,No
2269,Riya,43.0,Female,Delhi,,22.0,No
2270,Aman,40.0,Male,Bangalore,51996.0,74.0,Yes
2271,Karan,,Female,Lucknow,47177.0,87.0,No
2272,Sneha,49.0,Male,Delhi,52177.0,15.0,No
2273,Riya,55.0,Female,Mumbai,81126.0,94.0,Yes
2274,Karan,20.0,Female,Lucknow,71531.0,98.0,No
2275,Aman,55.0,Male,Kolkata,41119.0,13.0,No
2276,Arjun,20.0,Female,Bangalore,42915.0,4.0,Yes
2277,Arjun,,Male,Delhi,17708.0,82.0,No
2278,Vikas,18.0,Male,Lucknow,53749.0,56.0,No
2279,Simran,47.0,Male,Mumbai,59989.0,23.0,Yes
2280,Rahul,49.0,Male,Bangalore,37106.0,97.0,Yes
2281,Arjun,45.0,Female,Bangalore,32131.0,98.0,No
2282,Neha,38.0,Male,Lucknow,61553.0,34.0,Yes
2283,Karan,30.0,Female,Mumbai,73144.0,99.0,Yes
2284,Neha,,Female,Delhi,21553.0,17.0,No
2285,Aman,53.0,Male,Lucknow,32881.0,28.0,Yes
2286,Arjun,24.0,Male,Delhi,,14.0,No
2287,Rahul,39.0,Male,Bangalore,84306.0,34.0,Yes
2288,Aman,27.0,Male,Delhi,34726.0,75.0,Yes
2289,Sneha,56.0,Female,Mumbai,24088.0,57.0,No
2290,Sneha,32.0,Male,Kolkata,49314.0,77.0,No
2291,Neha,32.0,Female,Mumbai,70041.0,97.0,No
2292,Simran,21.0,Male,Delhi,31350.0,55.0,Yes
2293,Riya,49.0,Male,Lucknow,,66.0,No
2294,Simran,40.0,Male,Bangalore,94509.0,,No
2295,Vikas,23.0,Male,Kolkata,32769.0,93.0,Yes
2296,Simran,41.0,Female,Lucknow,62249.0,37.0,Yes
2297,Vikas,37.0,Female,Lucknow,97862.0,68.0,Yes
2298,Vikas,54.0,Male,Mumbai,61365.0,76.0,No
2299,Rahul,37.0,Female,Delhi,65185.0,26.0,Yes
2300,Arjun,29.0,Female,Mumbai,17786.0,61.0,Yes
2301,Rahul,50.0,Male,Delhi,,92.0,No
2302,Vikas,45.0,Male,Mumbai,51303.0,67.0,Yes
2303,Aman,25.0,Female,Lucknow,34589.0,84.0,Yes
2304,Sneha,18.0,Female,Bangalore,17882.0,74.0,No
2305,Vikas,54.0,Female,Delhi,77248.0,52.0,Yes
2306,Rahul,39.0,Female,Kolkata,64322.0,,No
2307,Aman,23.0,Male,Kolkata,39524.0,53.0,No
2308,Rahul,38.0,Male,Lucknow,24745.0,63.0,No
2309,Simran,49.0,Female,Mumbai,30861.0,53.0,No
2310,Karan,52.0,Male,Mumbai,69261.0,27.0,No
2311,Neha,,Female,Lucknow,17837.0,31.0,Yes
2312,Riya,22.0,Female,Kolkata,89135.0,91.0,No
2313,Rahul,23.0,Male,Kolkata,96447.0,1.0,No
2314,Riya,42.0,Female,Mumbai,69380.0,,No
2315,Priya,57.0,Female,Delhi,64831.0,11.0,No
2316,Rahul,46.0,Male,Bangalore,53255.0,34.0,Yes
2317,Karan,,Male,Delhi,44520.0,84.0,Yes
2318,Riya,57.0,Female,Kolkata,44541.0,63.0,Yes
2319,Vikas,30.0,Female,Delhi,80772.0,,No
2320,Rahul,55.0,Male,Bangalore,42350.0,85.0,Yes
2321,Arjun,35.0,Female,Delhi,59397.0,85.0,Yes
2322,Neha,19.0,Female,Delhi,92085.0,18.0,No
2323,Karan,25.0,Male,Delhi,78865.0,21.0,No
2324,Riya,28.0,Male,Delhi,70956.0,19.0,Yes
2325,Karan,50.0,Male,Lucknow,,4.0,Yes
2326,Aman,55.0,Male,Kolkata,77345.0,77.0,Yes
2327,Neha,44.0,Male,,27906.0,82.0,Yes
2328,Vikas,37.0,Male,Kolkata,29988.0,29.0,No
2329,Rahul,29.0,Female,Lucknow,42723.0,25.0,No
2330,Rahul,48.0,Female,Lucknow,48800.0,56.0,No
2331,Rahul,44.0,Male,Lucknow,54107.0,77.0,No
2332,Neha,49.0,Male,Lucknow,42430.0,63.0,No
2333,Arjun,27.0,Female,,47535.0,,Yes
2334,Priya,20.0,Female,Kolkata,,60.0,No
2335,Sneha,44.0,Female,Mumbai,92798.0,83.0,No
2336,Simran,52.0,Male,Bangalore,67284.0,49.0,Yes
2337,Riya,48.0,Male,Lucknow,71232.0,65.0,No
2338,Arjun,32.0,Female,Kolkata,59420.0,38.0,Yes
2339,Vikas,33.0,Male,Lucknow,52710.0,,No
2340,Riya,30.0,Male,Lucknow,87497.0,52.0,No
2341,Rahul,52.0,Male,Lucknow,55498.0,1.0,No
2342,Karan,28.0,Female,Lucknow,46283.0,40.0,Yes
2343,Vikas,38.0,Female,Lucknow,81169.0,81.0,No
2344,Riya,28.0,Male,Bangalore,87358.0,21.0,Yes
2345,Rahul,47.0,Male,Kolkata,77457.0,86.0,No
2346,Riya,,Male,Lucknow,40968.0,15.0,No
2347,Karan,39.0,Male,Lucknow,77508.0,50.0,Yes
2348,Rahul,55.0,Male,Lucknow,78220.0,48.0,Yes
2349,Priya,48.0,Female,Lucknow,20738.0,32.0,No
2350,Arjun,31.0,Male,Delhi,18098.0,49.0,Yes
2351,Aman,41.0,Male,Delhi,88633.0,68.0,No
2352,Simran,49.0,Male,Mumbai,93672.0,45.0,No
2353,Neha,53.0,Female,Lucknow,53244.0,32.0,Yes
2354,Simran,49.0,Female,Mumbai,23253.0,4.0,Yes
2355,Vikas,32.0,Male,Bangalore,69333.0,65.0,Yes
2356,Simran,52.0,Female,Mumbai,65969.0,97.0,No
2357,Rahul,20.0,Female,Kolkata,85423.0,71.0,Yes
2358,Priya,33.0,Female,Delhi,59411.0,73.0,No
2359,Aman,22.0,Female,Delhi,90028.0,65.0,Yes
2360,Arjun,38.0,Female,Lucknow,50421.0,80.0,Yes
2361,Arjun,27.0,Female,Lucknow,16454.0,18.0,Yes
2362,Karan,36.0,Male,Bangalore,32522.0,54.0,Yes
2363,Neha,42.0,Female,Bangalore,53575.0,47.0,Yes
2364,Riya,21.0,Female,Kolkata,18192.0,6.0,No
2365,Priya,46.0,Male,Lucknow,70268.0,66.0,Yes
2366,Riya,36.0,Male,Lucknow,96311.0,9.0,Yes
2367,Aman,19.0,Male,Bangalore,25402.0,68.0,No
2368,Simran,27.0,Male,Bangalore,93610.0,23.0,No
2369,Arjun,42.0,Female,Bangalore,95781.0,43.0,No
2370,Aman,37.0,Female,Delhi,51527.0,51.0,No
2371,Simran,36.0,Female,,,72.0,Yes
2372,Arjun,40.0,Female,Mumbai,42002.0,25.0,Yes
2373,Simran,41.0,Male,,,80.0,No
2374,Neha,28.0,Female,Delhi,27460.0,35.0,Yes
2375,Priya,51.0,Female,Bangalore,45482.0,17.0,No
2376,Vikas,45.0,Male,,31447.0,18.0,No
2377,Aman,22.0,Female,Delhi,63228.0,27.0,Yes
2378,Aman,22.0,Female,Kolkata,98265.0,15.0,Yes
2379,Sneha,38.0,Female,Delhi,65126.0,81.0,No
2380,Rahul,29.0,Female,Lucknow,35545.0,69.0,Yes
2381,Neha,21.0,Male,Mumbai,70114.0,80.0,No
2382,Neha,59.0,Male,Bangalore,90350.0,15.0,No
2383,Riya,37.0,Male,Kolkata,72801.0,42.0,No
2384,Simran,55.0,Male,Delhi,28890.0,34.0,No
2385,Rahul,42.0,Male,Lucknow,67482.0,48.0,Yes
2386,Priya,31.0,Female,Lucknow,,83.0,No
2387,Priya,28.0,Female,Bangalore,16740.0,8.0,No
2388,Neha,49.0,Male,Lucknow,45121.0,10.0,No
2389,Priya,28.0,Male,Lucknow,26218.0,5.0,Yes
2390,Sneha,35.0,Male,Bangalore,86591.0,48.0,No
2391,Aman,44.0,Female,Kolkata,49722.0,26.0,No
2392,Karan,35.0,Male,Mumbai,64431.0,86.0,Yes
2393,Vikas,40.0,Female,Mumbai,66543.0,23.0,No
2394,Riya,28.0,Female,Delhi,57000.0,62.0,No
2395,Simran,38.0,Female,Kolkata,86975.0,13.0,No
2396,Vikas,22.0,Female,Delhi,45921.0,9.0,No
2397,Simran,40.0,Male,Mumbai,45614.0,20.0,Yes
2398,Arjun,58.0,Female,Bangalore,76189.0,92.0,Yes
2399,Vikas,42.0,Female,Lucknow,32601.0,57.0,Yes
2400,Karan,58.0,Male,Mumbai,86543.0,24.0,No
2401,Neha,27.0,Female,Kolkata,35514.0,33.0,Yes
2402,Sneha,39.0,Female,Mumbai,98312.0,20.0,Yes
2403,Aman,36.0,Female,Kolkata,82612.0,60.0,No
2404,Aman,18.0,Male,Kolkata,31292.0,48.0,Yes
2405,Sneha,24.0,Female,Kolkata,46510.0,64.0,Yes
2406,Rahul,21.0,Female,Delhi,43000.0,30.0,Yes
2407,Arjun,18.0,Male,Bangalore,45383.0,73.0,No
2408,Simran,,Male,Mumbai,26785.0,,No
2409,Karan,57.0,Female,Bangalore,55910.0,14.0,Yes
2410,Priya,29.0,Female,Lucknow,54028.0,19.0,Yes
2411,Vikas,39.0,Male,Mumbai,39855.0,71.0,No
2412,Arjun,39.0,Female,Bangalore,39281.0,59.0,No
2413,Vikas,34.0,Male,Bangalore,19841.0,67.0,No
2414,Karan,46.0,Female,Lucknow,75155.0,97.0,No
2415,Riya,31.0,Male,Kolkata,41918.0,44.0,Yes
2416,Riya,,Female,Mumbai,71313.0,32.0,No
2417,Arjun,50.0,Male,Mumbai,32443.0,11.0,Yes
2418,Neha,32.0,Male,Lucknow,47250.0,2.0,No
2419,Karan,29.0,Male,Kolkata,16922.0,90.0,No
2420,Karan,57.0,Male,Mumbai,46976.0,68.0,No
2421,Sneha,37.0,Male,Mumbai,26991.0,17.0,No
2422,Neha,47.0,Female,Mumbai,68744.0,81.0,Yes
2423,Simran,55.0,Female,Kolkata,,92.0,Yes
2424,Simran,20.0,Male,Lucknow,17473.0,94.0,Yes
2425,Priya,45.0,Female,Mumbai,23108.0,,No
2426,Aman,43.0,Female,Bangalore,43715.0,87.0,Yes
2427,Riya,47.0,Female,Kolkata,47210.0,46.0,No
2428,Simran,30.0,Female,Delhi,52317.0,88.0,No
2429,Neha,30.0,Female,Lucknow,80516.0,93.0,Yes
2430,Karan,19.0,Female,Bangalore,48362.0,4.0,No
2431,Simran,54.0,Male,Mumbai,69604.0,38.0,No
2432,Karan,55.0,Female,Delhi,19889.0,63.0,Yes
2433,Simran,19.0,Female,Lucknow,88748.0,29.0,No
2434,Riya,53.0,Female,Kolkata,46971.0,19.0,No
2435,Vikas,43.0,Male,Delhi,65551.0,91.0,Yes
2436,Simran,28.0,Female,Delhi,18201.0,29.0,Yes
2437,Neha,25.0,Female,Bangalore,52958.0,35.0,No
2438,Simran,57.0,Female,,94251.0,70.0,Yes
2439,Aman,39.0,Male,Bangalore,20681.0,23.0,No
2440,Riya,37.0,Female,Bangalore,61870.0,46.0,Yes
2441,Neha,25.0,Male,Mumbai,97256.0,44.0,No
2442,Sneha,46.0,Female,Kolkata,82203.0,48.0,Yes
2443,Neha,57.0,Male,Delhi,43152.0,52.0,Yes
2444,Aman,43.0,Male,Lucknow,65061.0,8.0,No
2445,Vikas,47.0,Male,Kolkata,72619.0,55.0,Yes
2446,Riya,34.0,Female,Kolkata,73235.0,,Yes
2447,Sneha,37.0,Male,Lucknow,88740.0,77.0,No
2448,Aman,33.0,Male,Kolkata,52890.0,40.0,Yes
2449,Aman,24.0,Male,Mumbai,76401.0,85.0,Yes
2450,Arjun,33.0,Male,Kolkata,26217.0,31.0,Yes
2451,Riya,44.0,Female,Mumbai,63351.0,48.0,No
2452,Neha,40.0,Female,Delhi,48741.0,61.0,Yes
2453,Karan,41.0,Female,Delhi,35654.0,52.0,No
2454,Vikas,,Female,Bangalore,76314.0,38.0,No
2455,Karan,52.0,Male,Mumbai,16408.0,91.0,Yes
2456,Neha,37.0,Female,Delhi,57903.0,,No
2457,Neha,54.0,Male,Kolkata,,87.0,No
2458,Riya,59.0,Female,Lucknow,16218.0,55.0,No
2459,Neha,34.0,Female,Lucknow,65572.0,85.0,No
2460,Arjun,48.0,Female,Mumbai,73798.0,13.0,Yes
2461,Sneha,25.0,Male,Bangalore,45105.0,37.0,Yes
2462,Neha,32.0,Female,Kolkata,84634.0,47.0,Yes
2463,Karan,48.0,Female,Mumbai,80063.0,90.0,No
2464,Neha,47.0,Female,Lucknow,22619.0,71.0,No
2465,Arjun,37.0,Male,Mumbai,26939.0,22.0,Yes
2466,Simran,56.0,Female,Kolkata,33226.0,39.0,No
2467,Simran,29.0,Female,Delhi,40322.0,,Yes
2468,Aman,34.0,Male,Kolkata,,58.0,No
2469,Vikas,59.0,Male,Delhi,31878.0,30.0,Yes
2470,Priya,47.0,Female,Delhi,21560.0,18.0,Yes
2471,Sneha,46.0,Female,Delhi,,18.0,Yes
2472,Rahul,36.0,Female,Mumbai,51212.0,74.0,No
2473,Aman,28.0,Male,Lucknow,88079.0,39.0,Yes
2474,Vikas,51.0,Male,Mumbai,38946.0,94.0,No
2475,Simran,24.0,Male,Lucknow,46740.0,26.0,No
2476,Karan,,Female,Kolkata,22253.0,71.0,Yes
2477,Rahul,37.0,Male,Bangalore,94311.0,7.0,Yes
2478,Vikas,55.0,Female,Kolkata,47813.0,69.0,No
2479,Vikas,41.0,Male,Mumbai,79331.0,65.0,No
2480,Aman,27.0,Male,Mumbai,42632.0,46.0,Yes
2481,Rahul,49.0,Male,Lucknow,63365.0,18.0,Yes
2482,Riya,32.0,Female,Mumbai,82593.0,13.0,No
2483,Priya,54.0,Female,Delhi,,25.0,Yes
2484,Riya,37.0,Female,Mumbai,52436.0,8.0,Yes
2485,Rahul,20.0,Female,Lucknow,33413.0,74.0,Yes
2486,Riya,54.0,Male,Lucknow,53485.0,32.0,Yes
2487,Arjun,57.0,Female,Delhi,83232.0,17.0,No
2488,Simran,25.0,Male,Lucknow,31101.0,79.0,No
2489,Arjun,57.0,Female,Bangalore,23831.0,79.0,Yes
2490,Neha,40.0,Female,Kolkata,99583.0,48.0,Yes
2491,Riya,57.0,Male,Mumbai,66897.0,63.0,No
2492,Neha,28.0,Male,Bangalore,20004.0,40.0,No
2493,Karan,25.0,Female,Mumbai,60924.0,84.0,No
2494,Sneha,46.0,Female,Bangalore,36509.0,15.0,No
2495,Karan,47.0,Male,Mumbai,52170.0,99.0,No
2496,Rahul,27.0,Male,,58555.0,6.0,Yes
2497,Vikas,56.0,Male,Lucknow,29662.0,94.0,Yes
2498,Simran,45.0,Male,Lucknow,80930.0,63.0,No
2499,Riya,53.0,Male,Delhi,62403.0,8.0,No
2500,Aman,,Female,Bangalore,51365.0,95.0,Yes
2501,Sneha,49.0,Female,Kolkata,77188.0,32.0,No
2502,Priya,53.0,Female,,91060.0,45.0,No
2503,Priya,54.0,Female,Lucknow,,52.0,Yes
2504,Priya,43.0,Male,Kolkata,78471.0,79.0,Yes
2505,Riya,39.0,Male,Mumbai,,82.0,Yes
2506,Priya,21.0,Male,Kolkata,72287.0,13.0,Yes
2507,Arjun,48.0,Female,Bangalore,16645.0,24.0,No
2508,Sneha,35.0,Male,Delhi,,40.0,Yes
2509,Arjun,55.0,Male,Mumbai,90351.0,14.0,No
2510,Vikas,41.0,Female,Bangalore,65151.0,92.0,No
2511,Sneha,40.0,Female,Mumbai,82384.0,75.0,No
2512,Arjun,39.0,Female,Kolkata,48541.0,70.0,No
2513,Sneha,19.0,Male,Lucknow,87847.0,62.0,Yes
2514,Vikas,48.0,Male,Bangalore,95739.0,89.0,No
2515,Neha,28.0,Female,Delhi,65955.0,61.0,No
2516,Riya,45.0,Female,Kolkata,24290.0,1.0,No
2517,Riya,49.0,Male,Bangalore,73942.0,89.0,Yes
2518,Priya,22.0,Female,Delhi,97667.0,66.0,Yes
2519,Karan,55.0,Male,Bangalore,45143.0,32.0,Yes
2520,Priya,27.0,Female,Kolkata,39509.0,13.0,Yes
2521,Rahul,57.0,Female,,51741.0,,Yes
2522,Arjun,41.0,Female,Mumbai,41898.0,32.0,No
2523,Sneha,52.0,Male,Kolkata,77948.0,56.0,Yes
2524,Karan,40.0,Male,Bangalore,76768.0,24.0,No
2525,Vikas,34.0,Female,Lucknow,58262.0,91.0,Yes
2526,Rahul,18.0,Male,Bangalore,20506.0,4.0,No
2527,Vikas,48.0,Female,Mumbai,35605.0,,Yes
2528,Riya,48.0,Female,Delhi,93590.0,23.0,No
2529,Riya,59.0,Male,,43231.0,29.0,Yes
2530,Priya,59.0,Male,Delhi,94397.0,98.0,No
2531,Arjun,51.0,Male,Lucknow,92123.0,21.0,No
2532,Karan,26.0,Male,Mumbai,,30.0,No
2533,Simran,39.0,Female,Kolkata,53622.0,90.0,No
2534,Rahul,30.0,Male,Delhi,31600.0,20.0,No
2535,Rahul,42.0,Male,Mumbai,,16.0,No
2536,Priya,35.0,Female,Bangalore,98279.0,67.0,Yes
2537,Riya,29.0,Female,Lucknow,84310.0,,Yes
2538,Priya,57.0,Female,Mumbai,36801.0,58.0,No
2539,Sneha,34.0,Female,Mumbai,52695.0,44.0,No
2540,Karan,32.0,Male,,43853.0,25.0,No
2541,Arjun,59.0,Male,Mumbai,19429.0,23.0,No
2542,Neha,32.0,Female,Kolkata,19606.0,59.0,No
2543,Aman,32.0,Female,Lucknow,19478.0,1.0,No
2544,Aman,56.0,Male,Lucknow,98816.0,97.0,No
2545,Priya,30.0,Male,Bangalore,55134.0,15.0,Yes
2546,Sneha,34.0,Male,Kolkata,84963.0,81.0,No
2547,Karan,49.0,Male,Kolkata,85897.0,98.0,No
2548,Simran,26.0,Male,Delhi,40475.0,81.0,Yes
2549,Aman,57.0,Female,Delhi,81177.0,52.0,Yes
2550,Karan,37.0,Female,Bangalore,36730.0,58.0,No
2551,Arjun,43.0,Female,Lucknow,,41.0,Yes
2552,Vikas,44.0,Female,Delhi,35011.0,44.0,Yes
2553,Sneha,38.0,Male,Mumbai,70746.0,4.0,Yes
2554,Riya,35.0,Female,Lucknow,57853.0,77.0,No
2555,Karan,30.0,Male,Mumbai,51818.0,68.0,No
2556,Arjun,33.0,Male,Kolkata,52321.0,7.0,Yes
2557,Simran,26.0,Male,Lucknow,36309.0,46.0,No
2558,Neha,29.0,Male,Bangalore,33688.0,9.0,No
2559,Riya,55.0,Male,Kolkata,43176.0,87.0,No
2560,Neha,36.0,Male,Kolkata,83879.0,33.0,Yes
2561,Simran,24.0,Male,Mumbai,82592.0,33.0,Yes
2562,Arjun,,Female,Kolkata,99728.0,84.0,Yes
2563,Aman,,Male,Delhi,24416.0,4.0,Yes
2564,Neha,33.0,Female,Lucknow,54994.0,65.0,No
2565,Riya,56.0,Female,Delhi,81422.0,34.0,No
2566,Priya,21.0,Male,Mumbai,23584.0,91.0,No
2567,Rahul,42.0,Male,Mumbai,33830.0,85.0,Yes
2568,Karan,49.0,Female,Lucknow,92066.0,88.0,Yes
2569,Aman,57.0,Female,Kolkata,18591.0,79.0,No
2570,Neha,30.0,Female,Bangalore,36395.0,99.0,Yes
2571,Vikas,34.0,Female,Mumbai,69182.0,64.0,Yes
2572,Karan,54.0,Male,Lucknow,31738.0,25.0,No
2573,Priya,23.0,Male,Bangalore,17631.0,55.0,Yes
2574,Simran,36.0,Male,Kolkata,32905.0,9.0,Yes
2575,Rahul,30.0,Female,Mumbai,34056.0,17.0,No
2576,Arjun,43.0,Male,Lucknow,50447.0,21.0,Yes
2577,Priya,31.0,Female,Lucknow,69418.0,60.0,No
2578,Priya,48.0,Male,Lucknow,52190.0,13.0,No
2579,Simran,21.0,Female,Mumbai,41014.0,3.0,Yes
2580,Sneha,56.0,Male,Bangalore,87999.0,68.0,No
2581,Simran,25.0,Male,Lucknow,65278.0,4.0,Yes
2582,Sneha,42.0,Female,Kolkata,16780.0,92.0,Yes
2583,Sneha,30.0,Female,Lucknow,74258.0,7.0,Yes
2584,Aman,49.0,Female,Bangalore,57192.0,26.0,Yes
2585,Aman,55.0,Female,Mumbai,74300.0,75.0,Yes
2586,Riya,55.0,Female,Lucknow,58923.0,,Yes
2587,Neha,45.0,Male,Lucknow,17395.0,10.0,Yes
2588,Neha,47.0,Female,Kolkata,30779.0,13.0,Yes
2589,Arjun,20.0,Male,Kolkata,86028.0,44.0,Yes
2590,Neha,45.0,Male,Lucknow,44722.0,,No
2591,Aman,20.0,Male,Lucknow,22111.0,19.0,No
2592,Riya,51.0,Male,Kolkata,24984.0,51.0,Yes
2593,Riya,33.0,Male,Bangalore,87328.0,19.0,Yes
2594,Sneha,39.0,Female,Delhi,,76.0,Yes
2595,Simran,,Female,Delhi,67703.0,52.0,No
2596,Arjun,55.0,Male,Lucknow,47577.0,86.0,No
2597,Sneha,25.0,Male,Kolkata,22711.0,47.0,Yes
2598,Simran,25.0,Female,Mumbai,19096.0,30.0,Yes
2599,Neha,23.0,Female,Mumbai,81555.0,46.0,Yes
2600,Sneha,31.0,Male,Delhi,90012.0,76.0,No
2601,Karan,49.0,Female,Bangalore,,,Yes
2602,Neha,52.0,Female,Delhi,92120.0,21.0,No
2603,Simran,27.0,Female,Lucknow,20965.0,75.0,No
2604,Arjun,20.0,Male,Bangalore,92000.0,48.0,Yes
2605,Simran,29.0,Female,Mumbai,929750.0,62.0,No
2606,Sneha,48.0,Male,Kolkata,72987.0,58.0,Yes
2607,Sneha,46.0,Male,Kolkata,47963.0,18.0,No
2608,Priya,22.0,Male,Lucknow,18273.0,59.0,No
2609,Arjun,42.0,Male,Delhi,30330.0,91.0,Yes
2610,Vikas,58.0,Male,Lucknow,36494.0,48.0,Yes
2611,Neha,48.0,Female,Kolkata,91422.0,63.0,No
2612,Riya,38.0,Male,Mumbai,18212.0,12.0,No
2613,Arjun,37.0,Male,,98441.0,87.0,No
2614,Riya,56.0,Male,Bangalore,16080.0,34.0,Yes
2615,Arjun,39.0,Female,Kolkata,47675.0,61.0,Yes
2616,Arjun,21.0,Female,Kolkata,37007.0,87.0,Yes
2617,Simran,30.0,Female,,97641.0,53.0,Yes
2618,Arjun,59.0,Female,Delhi,61815.0,25.0,No
2619,Priya,37.0,Female,Kolkata,98482.0,62.0,No
2620,Vikas,30.0,Female,Lucknow,15639.0,4.0,No
2621,Sneha,34.0,Female,Kolkata,78593.0,94.0,No
2622,Rahul,53.0,Male,Lucknow,93038.0,94.0,No
2623,Riya,50.0,Male,Bangalore,18736.0,13.0,Yes
2624,Sneha,18.0,Female,Kolkata,31473.0,42.0,Yes
2625,Rahul,32.0,Male,Bangalore,49019.0,49.0,No
2626,Vikas,30.0,Male,Bangalore,51820.0,78.0,No
2627,Vikas,34.0,Female,Delhi,99861.0,56.0,No
2628,Riya,41.0,Male,Kolkata,72589.0,47.0,No
2629,Riya,25.0,Male,Lucknow,80807.0,8.0,No
2630,Vikas,44.0,Female,Lucknow,33414.0,55.0,No
2631,Rahul,40.0,Male,Kolkata,39220.0,88.0,No
2632,Arjun,25.0,Female,Delhi,75531.0,18.0,No
2633,Neha,25.0,Female,Delhi,57425.0,35.0,Yes
2634,Karan,43.0,Male,Delhi,24387.0,89.0,No
2635,Sneha,30.0,Male,Lucknow,91815.0,81.0,No
2636,Simran,56.0,Male,Bangalore,42584.0,32.0,Yes
2637,Sneha,54.0,Female,Delhi,59783.0,24.0,Yes
2638,Simran,45.0,Female,Lucknow,54809.0,7.0,No
2639,Rahul,42.0,Female,,69327.0,13.0,Yes
2640,Simran,,Male,Bangalore,25857.0,91.0,Yes
2641,Riya,19.0,Male,Kolkata,57261.0,69.0,No
2642,Neha,35.0,Female,Kolkata,88588.0,90.0,Yes
2643,Neha,34.0,Male,Delhi,31995.0,42.0,No
2644,Riya,47.0,Male,Delhi,28580.0,31.0,No
2645,Priya,56.0,Female,Bangalore,33240.0,74.0,No
2646,Rahul,30.0,Female,Delhi,98446.0,26.0,Yes
2647,Priya,49.0,Male,Bangalore,90752.0,86.0,Yes
2648,Priya,46.0,Female,,61111.0,76.0,No
2649,Sneha,47.0,Male,Delhi,49866.0,32.0,No
2650,Vikas,35.0,Female,Lucknow,95974.0,91.0,Yes
2651,Sneha,30.0,Female,Mumbai,88401.0,97.0,No
2652,Vikas,38.0,Female,Bangalore,97093.0,52.0,Yes
2653,Karan,47.0,Male,Mumbai,27211.0,20.0,Yes
2654,Simran,38.0,Male,Delhi,73985.0,40.0,Yes
2655,Vikas,34.0,Female,Lucknow,48268.0,59.0,Yes
2656,Riya,,Female,Delhi,18646.0,77.0,Yes
2657,Sneha,36.0,Female,Mumbai,70371.0,14.0,Yes
2658,Rahul,32.0,Male,Delhi,57816.0,44.0,No
2659,Simran,26.0,Female,,59112.0,86.0,No
2660,Karan,27.0,Female,Mumbai,66048.0,82.0,Yes
2661,Vikas,48.0,Female,Delhi,69911.0,48.0,Yes
2662,Karan,40.0,Female,Lucknow,90446.0,93.0,No
2663,Rahul,,Male,,16778.0,43.0,No
2664,Priya,50.0,Male,Lucknow,60752.0,16.0,No
2665,Neha,26.0,Female,Kolkata,99977.0,35.0,No
2666,Rahul,18.0,Male,Delhi,85726.0,,No
2667,Aman,,Male,Kolkata,95840.0,34.0,No
2668,Rahul,28.0,Male,Mumbai,42289.0,3.0,No
2669,Karan,51.0,Female,Lucknow,59788.0,68.0,No
2670,Riya,33.0,Male,Mumbai,19747.0,,Yes
2671,Sneha,26.0,Male,Lucknow,89822.0,10.0,No
2672,Riya,49.0,Male,Kolkata,15045.0,52.0,Yes
2673,Karan,32.0,Female,Bangalore,22758.0,29.0,No
2674,Sneha,29.0,Female,,38437.0,96.0,No
2675,Aman,50.0,Male,Kolkata,34585.0,31.0,No
2676,Neha,31.0,Male,Lucknow,24854.0,66.0,No
2677,Simran,25.0,Female,Lucknow,67076.0,76.0,No
2678,Karan,25.0,Female,Lucknow,71950.0,91.0,Yes
2679,Vikas,44.0,Male,Lucknow,32349.0,69.0,No
2680,Karan,29.0,Male,Delhi,36348.0,37.0,Yes
2681,Karan,18.0,Female,Mumbai,49296.0,27.0,Yes
2682,Sneha,57.0,Female,Bangalore,34455.0,87.0,No
2683,Arjun,59.0,Male,Delhi,93824.0,33.0,Yes
2684,Rahul,28.0,Female,Lucknow,69021.0,68.0,No
2685,Arjun,56.0,Male,Delhi,86923.0,59.0,No
2686,Aman,48.0,Male,Kolkata,54293.0,64.0,No
2687,Vikas,34.0,Male,Lucknow,61116.0,85.0,Yes
2688,Neha,50.0,Female,Bangalore,55484.0,88.0,No
2689,Priya,,Male,Lucknow,45215.0,44.0,Yes
2690,Aman,46.0,Male,Bangalore,96638.0,95.0,No
2691,Priya,38.0,Female,Bangalore,18404.0,88.0,No
2692,Priya,38.0,Female,Mumbai,52260.0,49.0,Yes
2693,Neha,57.0,Male,Mumbai,80642.0,53.0,Yes
2694,Riya,40.0,Male,Delhi,95731.0,74.0,Yes
2695,Arjun,23.0,Female,Delhi,61009.0,49.0,Yes
2696,Karan,39.0,Female,Bangalore,44605.0,66.0,Yes
2697,Simran,55.0,Female,Lucknow,68205.0,95.0,Yes
2698,Priya,54.0,Male,Kolkata,52569.0,,No
2699,Vikas,25.0,Male,Kolkata,,25.0,Yes
2700,Aman,58.0,Male,Lucknow,20400.0,,No
2701,Riya,52.0,Female,Lucknow,54643.0,51.0,No
2702,Priya,28.0,Male,Mumbai,,11.0,No
2703,Riya,41.0,Female,Kolkata,86713.0,17.0,No
2704,Riya,38.0,Male,Bangalore,87805.0,66.0,No
2705,Priya,19.0,Female,Delhi,29974.0,70.0,Yes
2706,Sneha,57.0,Male,Mumbai,29037.0,73.0,No
2707,Rahul,36.0,Male,Kolkata,99292.0,69.0,No
2708,Vikas,56.0,Female,Lucknow,31167.0,84.0,No
2709,Karan,45.0,Female,Kolkata,58148.0,29.0,Yes
2710,Karan,34.0,Male,Bangalore,87153.0,85.0,Yes
2711,Vikas,23.0,Female,Mumbai,36534.0,73.0,Yes
2712,Sneha,36.0,Female,Lucknow,71879.0,92.0,Yes
2713,Karan,,Male,Bangalore,80839.0,72.0,No
2714,Riya,45.0,Female,Delhi,44756.0,95.0,Yes
2715,Neha,19.0,Male,Mumbai,27683.0,20.0,No
2716,Aman,55.0,Male,Bangalore,64485.0,27.0,Yes
2717,Arjun,54.0,Female,Bangalore,26025.0,8.0,Yes
2718,Karan,21.0,Female,Lucknow,33715.0,85.0,Yes
2719,Vikas,39.0,Male,Delhi,85097.0,61.0,Yes
2720,Neha,43.0,Male,Bangalore,90705.0,28.0,No
2721,Priya,53.0,Male,Mumbai,32116.0,87.0,Yes
2722,Rahul,30.0,Male,Bangalore,51744.0,70.0,No
2723,Vikas,,Male,Kolkata,17124.0,,No
2724,Riya,34.0,Male,Mumbai,53051.0,69.0,No
2725,Rahul,58.0,Female,Mumbai,22176.0,73.0,No
2726,Aman,53.0,Female,Bangalore,79818.0,,No
2727,Aman,,Female,Lucknow,33676.0,60.0,No
2728,Sneha,52.0,Male,Mumbai,60177.0,4.0,No
2729,Simran,57.0,Female,Kolkata,15997.0,5.0,Yes
2730,Sneha,45.0,Male,Lucknow,74330.0,11.0,No
2731,Neha,18.0,Male,Lucknow,58769.0,15.0,Yes
2732,Rahul,59.0,Female,Lucknow,93653.0,64.0,Yes
2733,Simran,35.0,Male,Mumbai,26231.0,98.0,No
2734,Priya,57.0,Male,Lucknow,87976.0,13.0,No
2735,Riya,50.0,Male,Bangalore,70965.0,7.0,Yes
2736,Rahul,29.0,Male,Lucknow,96144.0,6.0,Yes
2737,Sneha,25.0,Male,Kolkata,76517.0,56.0,No
2738,Arjun,41.0,Male,Delhi,42387.0,64.0,No
2739,Simran,33.0,Female,Kolkata,19090.0,50.0,Yes
2740,Simran,21.0,Male,Mumbai,39945.0,,Yes
2741,Riya,55.0,Male,Lucknow,55239.0,,No
2742,Karan,44.0,Male,Lucknow,18743.0,25.0,Yes
2743,Aman,26.0,Male,Bangalore,45924.0,28.0,Yes
2744,Aman,33.0,Female,Lucknow,25196.0,84.0,No
2745,Arjun,29.0,Female,Kolkata,83860.0,39.0,Yes
2746,Neha,48.0,Male,Mumbai,56400.0,67.0,No
2747,Neha,41.0,Male,Delhi,95399.0,,No
2748,Priya,31.0,Male,Lucknow,63795.0,65.0,No
2749,Rahul,42.0,Female,Delhi,66553.0,15.0,Yes
2750,Vikas,51.0,Female,Lucknow,39111.0,90.0,No
2751,Karan,20.0,Female,Mumbai,78083.0,67.0,Yes
2752,Sneha,41.0,Female,Kolkata,76600.0,40.0,No
2753,Vikas,59.0,Male,Mumbai,65022.0,98.0,No
2754,Vikas,26.0,Female,Delhi,18199.0,69.0,Yes
2755,Simran,,Female,Lucknow,65897.0,95.0,Yes
2756,Arjun,37.0,Male,,53038.0,77.0,Yes
2757,Aman,57.0,Male,Kolkata,70038.0,43.0,No
2758,Priya,27.0,Female,Mumbai,22897.0,1.0,Yes
2759,Neha,36.0,Female,Delhi,79541.0,22.0,No
2760,Arjun,20.0,Female,Delhi,29892.0,62.0,Yes
2761,Simran,41.0,Female,Kolkata,23271.0,79.0,No
2762,Sneha,22.0,Male,,39815.0,26.0,No
2763,Priya,20.0,Male,Delhi,60612.0,18.0,No
2764,Simran,44.0,Female,Kolkata,48357.0,48.0,No
2765,Aman,33.0,Female,Lucknow,90088.0,9.0,Yes
2766,Aman,32.0,Female,Lucknow,31267.0,1.0,Yes
2767,Aman,52.0,Female,Mumbai,33268.0,9.0,No
2768,Arjun,29.0,Female,Kolkata,29263.0,,No
2769,Arjun,58.0,Male,Lucknow,85935.0,45.0,Yes
2770,Neha,43.0,Male,,74660.0,2.0,Yes
2771,Neha,51.0,Male,Bangalore,80527.0,14.0,Yes
2772,Sneha,40.0,Female,Kolkata,78379.0,38.0,Yes
2773,Priya,48.0,Female,Bangalore,56271.0,40.0,Yes
2774,Riya,,Male,Lucknow,81612.0,63.0,Yes
2775,Riya,29.0,Male,Kolkata,22235.0,82.0,No
2776,Simran,40.0,Female,Mumbai,31417.0,,Yes
2777,Aman,21.0,Male,Lucknow,49609.0,93.0,Yes
2778,Priya,40.0,Female,Kolkata,,75.0,No
2779,Vikas,18.0,Female,Kolkata,38645.0,6.0,Yes
2780,Arjun,42.0,Male,Bangalore,77873.0,3.0,Yes
2781,Rahul,19.0,Male,Lucknow,79558.0,14.0,Yes
2782,Karan,47.0,Male,Mumbai,77233.0,66.0,No
2783,Sneha,20.0,Female,Mumbai,38401.0,96.0,Yes
2784,Aman,38.0,Female,Lucknow,22771.0,95.0,No
2785,Aman,42.0,Male,Lucknow,56335.0,75.0,Yes
2786,Aman,37.0,Female,Delhi,89451.0,86.0,No
2787,Arjun,39.0,Female,Bangalore,94434.0,67.0,Yes
2788,Arjun,38.0,Female,Lucknow,82449.0,31.0,Yes
2789,Karan,50.0,Male,Lucknow,16942.0,33.0,Yes
2790,Vikas,55.0,Female,Delhi,35388.0,88.0,No
2791,Priya,32.0,Male,Delhi,98251.0,1.0,Yes
2792,Aman,32.0,Male,Kolkata,72042.0,,Yes
2793,Riya,42.0,Female,Mumbai,68740.0,15.0,No
2794,Neha,38.0,Male,Bangalore,80873.0,37.0,No
2795,Riya,41.0,Female,Kolkata,62024.0,27.0,No
2796,Simran,22.0,Male,Lucknow,38450.0,48.0,Yes
2797,Riya,23.0,Male,Delhi,71965.0,27.0,No
2798,Simran,40.0,Female,Mumbai,25057.0,12.0,Yes
2799,Rahul,21.0,Male,Kolkata,,67.0,No
2800,Neha,44.0,Male,Mumbai,34995.0,30.0,No
2801,Riya,35.0,Male,Delhi,,96.0,Yes
2802,Rahul,38.0,Female,Kolkata,53886.0,87.0,Yes
2803,Sneha,45.0,Female,Kolkata,17673.0,66.0,Yes
2804,Priya,52.0,Male,Mumbai,49890.0,7.0,Yes
2805,Rahul,39.0,Male,Delhi,92513.0,34.0,No
2806,Priya,57.0,Male,Lucknow,38466.0,32.0,No
2807,Riya,40.0,Female,Kolkata,65406.0,39.0,No
2808,Vikas,20.0,Female,Lucknow,18688.0,96.0,Yes
2809,Rahul,57.0,Male,Delhi,84284.0,,Yes
2810,Neha,27.0,Female,Kolkata,28665.0,43.0,No
2811,Riya,42.0,Female,Kolkata,35641.0,78.0,No
2812,Aman,25.0,Female,Lucknow,47500.0,3.0,Yes
2813,Arjun,28.0,Female,Bangalore,50797.0,46.0,No
2814,Rahul,22.0,Male,Lucknow,99766.0,32.0,No
2815,Neha,54.0,Female,Lucknow,60950.0,43.0,No
2816,Sneha,55.0,Female,Bangalore,40046.0,81.0,Yes
2817,Aman,46.0,Male,,24638.0,3.0,No
2818,Sneha,22.0,Male,,36173.0,74.0,Yes
2819,Riya,26.0,Female,Kolkata,28222.0,63.0,No
2820,Arjun,19.0,Female,Mumbai,65064.0,40.0,Yes
2821,Rahul,18.0,Male,Mumbai,52010.0,18.0,No
2822,Rahul,57.0,Male,Kolkata,33095.0,67.0,No
2823,Vikas,47.0,Male,Mumbai,16439.0,62.0,No
2824,Vikas,28.0,Female,Lucknow,20375.0,10.0,Yes
2825,Riya,45.0,Female,Lucknow,35600.0,52.0,No
2826,Riya,29.0,Male,Bangalore,17466.0,73.0,No
2827,Arjun,56.0,Female,Bangalore,60097.0,46.0,Yes
2828,Vikas,43.0,Male,Kolkata,68276.0,55.0,Yes
2829,Neha,30.0,Female,Kolkata,65117.0,46.0,No
2830,Neha,25.0,Male,Kolkata,61971.0,75.0,No
2831,Arjun,45.0,Male,Lucknow,21928.0,60.0,No
2832,Neha,47.0,Female,Mumbai,70309.0,97.0,No
2833,Simran,26.0,Female,Kolkata,89647.0,26.0,No
2834,Priya,56.0,Female,Kolkata,55888.0,27.0,Yes
2835,Arjun,48.0,Female,Lucknow,58832.0,38.0,No
2836,Arjun,38.0,Female,Lucknow,24404.0,22.0,Yes
2837,Karan,51.0,Female,Lucknow,48639.0,26.0,Yes
2838,Aman,48.0,Male,Mumbai,93118.0,,No
2839,Aman,42.0,Female,Kolkata,75598.0,69.0,Yes
2840,Simran,29.0,Male,Delhi,81399.0,35.0,No
2841,Vikas,18.0,Male,Delhi,42684.0,66.0,Yes
2842,Riya,39.0,Female,Kolkata,83591.0,99.0,Yes
2843,Riya,57.0,Male,Kolkata,92722.0,73.0,No
2844,Sneha,54.0,Male,,17682.0,51.0,No
2845,Simran,18.0,Female,Kolkata,,18.0,Yes
2846,Arjun,18.0,Female,Mumbai,36832.0,43.0,No
2847,Simran,59.0,Female,Delhi,31997.0,12.0,No
2848,Simran,,Male,Bangalore,49640.0,3.0,Yes
2849,Simran,38.0,Female,Delhi,91882.0,82.0,Yes
2850,Aman,,Female,Delhi,55491.0,7.0,Yes
2851,Simran,,Female,Lucknow,78043.0,,No
2852,Priya,39.0,Female,Kolkata,87725.0,6.0,No
2853,Riya,55.0,Male,Kolkata,60520.0,82.0,No
2854,Sneha,52.0,Female,Kolkata,77919.0,45.0,Yes
2855,Priya,33.0,Male,Lucknow,79442.0,86.0,No
2856,Sneha,25.0,Female,Mumbai,36770.0,39.0,Yes
2857,Karan,34.0,Male,,62498.0,51.0,Yes
2858,Sneha,34.0,Male,Bangalore,76477.0,9.0,Yes
2859,Riya,43.0,Male,,15244.0,99.0,Yes
2860,Riya,30.0,Female,Mumbai,47788.0,23.0,Yes
2861,Simran,34.0,Male,Kolkata,94453.0,12.0,Yes
2862,Rahul,55.0,Female,Delhi,72737.0,88.0,Yes
2863,Karan,34.0,Female,Mumbai,61489.0,62.0,No
2864,Arjun,31.0,Female,,86303.0,73.0,Yes
2865,Neha,23.0,Female,Lucknow,,,No
2866,Sneha,52.0,Female,Bangalore,25247.0,40.0,No
2867,Rahul,31.0,Male,,84051.0,54.0,No
2868,Simran,25.0,Female,Kolkata,74719.0,81.0,No
2869,Aman,32.0,Male,Delhi,49678.0,7.0,No
2870,Arjun,44.0,Male,Bangalore,91286.0,17.0,Yes
2871,Vikas,30.0,Male,Lucknow,44583.0,50.0,No
2872,Rahul,48.0,Male,Mumbai,23076.0,24.0,No
2873,Aman,52.0,Male,Mumbai,33006.0,2.0,No
2874,Karan,23.0,Male,Bangalore,30051.0,99.0,Yes
2875,Simran,22.0,Male,Mumbai,19314.0,92.0,No
2876,Arjun,39.0,Female,Lucknow,43670.0,83.0,No
2877,Arjun,40.0,Male,Lucknow,82551.0,33.0,No
2878,Arjun,42.0,Female,Mumbai,25236.0,21.0,No
2879,Karan,51.0,Male,Mumbai,50568.0,74.0,Yes
2880,Sneha,43.0,Male,Kolkata,75314.0,53.0,No
2881,Vikas,,Male,Delhi,31352.0,46.0,Yes
2882,Karan,43.0,Male,Bangalore,60650.0,45.0,Yes
2883,Neha,37.0,Female,Lucknow,25346.0,9.0,No
2884,Vikas,,Female,Bangalore,40156.0,6.0,No
2885,Riya,23.0,Female,Kolkata,70904.0,51.0,Yes
2886,Simran,35.0,Male,Lucknow,29035.0,35.0,No
2887,Karan,21.0,Male,Kolkata,31108.0,82.0,No
2888,Aman,34.0,Male,Kolkata,17853.0,53.0,No
2889,Vikas,31.0,Female,Mumbai,99156.0,19.0,Yes
2890,Neha,31.0,Male,Bangalore,19176.0,,Yes
2891,Riya,30.0,Female,Bangalore,40920.0,25.0,No
2892,Sneha,24.0,Female,Mumbai,69850.0,11.0,No
2893,Aman,32.0,Male,Bangalore,21829.0,74.0,Yes
2894,Vikas,36.0,Male,Mumbai,88927.0,17.0,Yes
2895,Simran,52.0,Female,Lucknow,99860.0,36.0,Yes
2896,Aman,34.0,Female,Kolkata,55667.0,90.0,Yes
2897,Riya,52.0,Female,Kolkata,80842.0,95.0,Yes
2898,Aman,36.0,Male,Bangalore,508430.0,96.0,Yes
2899,Priya,37.0,Male,Delhi,65808.0,21.0,Yes
2900,Rahul,53.0,Male,Kolkata,45543.0,18.0,No
2901,Sneha,52.0,Male,Mumbai,87780.0,60.0,Yes
2902,Riya,49.0,Male,Delhi,21611.0,18.0,Yes
2903,Aman,57.0,Male,Delhi,99612.0,1.0,No
2904,Rahul,41.0,Female,Kolkata,61902.0,14.0,No
2905,Rahul,34.0,Female,Kolkata,48043.0,8.0,No
2906,Aman,24.0,Female,Kolkata,20271.0,66.0,Yes
2907,Simran,18.0,Male,Mumbai,87867.0,51.0,Yes
2908,Priya,52.0,Female,Delhi,92089.0,79.0,No
2909,Karan,49.0,Male,Bangalore,,,No
2910,Priya,53.0,Male,Mumbai,77077.0,34.0,No
2911,Aman,30.0,Female,Lucknow,74119.0,36.0,Yes
2912,Sneha,23.0,Male,Kolkata,26573.0,62.0,No
2913,Karan,31.0,Female,Delhi,36409.0,1.0,Yes
2914,Riya,54.0,Female,Mumbai,39464.0,85.0,Yes
2915,Priya,32.0,Male,Lucknow,57840.0,42.0,Yes
2916,Aman,21.0,Female,Mumbai,63785.0,1.0,Yes
2917,Priya,57.0,Female,Mumbai,35662.0,96.0,No
2918,Karan,33.0,Female,Bangalore,33228.0,84.0,No
2919,Neha,,Female,Bangalore,75721.0,54.0,No
2920,Vikas,33.0,Male,Mumbai,64223.0,47.0,Yes
2921,Priya,21.0,Female,Lucknow,,39.0,No
2922,Riya,43.0,Female,Delhi,21862.0,30.0,Yes
2923,Riya,45.0,Female,Delhi,55108.0,7.0,Yes
2924,Arjun,49.0,Male,Kolkata,90023.0,22.0,Yes
2925,Priya,19.0,Female,Kolkata,,50.0,No
2926,Vikas,48.0,Male,Delhi,97963.0,,Yes
2927,Simran,20.0,Female,Mumbai,42201.0,74.0,Yes
2928,Rahul,25.0,Female,Mumbai,83578.0,72.0,No
2929,Vikas,41.0,Female,Bangalore,64966.0,91.0,No
2930,Rahul,32.0,Male,Bangalore,69774.0,10.0,No
2931,Rahul,48.0,Male,Kolkata,25386.0,14.0,Yes
2932,Neha,26.0,Male,,92228.0,46.0,Yes
2933,Arjun,56.0,Male,Mumbai,30225.0,75.0,No
2934,Vikas,19.0,Male,Delhi,31693.0,6.0,Yes
2935,Vikas,25.0,Male,Lucknow,87197.0,21.0,Yes
2936,Neha,24.0,Female,Delhi,58021.0,62.0,No
2937,Priya,56.0,Male,Lucknow,33261.0,97.0,No
2938,Priya,,Female,Bangalore,42378.0,19.0,No
2939,Priya,,Male,Bangalore,26937.0,,No
2940,Sneha,52.0,Male,Kolkata,,82.0,No
2941,Rahul,47.0,Male,Delhi,62366.0,99.0,No
2942,Sneha,27.0,Female,Delhi,87322.0,62.0,No
2943,Arjun,55.0,Male,Lucknow,55160.0,83.0,No
2944,Neha,35.0,Male,Bangalore,60313.0,53.0,Yes
2945,Vikas,22.0,Female,Lucknow,42032.0,24.0,Yes
2946,Rahul,46.0,Female,Bangalore,32358.0,56.0,Yes
2947,Sneha,56.0,Female,Lucknow,76710.0,62.0,Yes
2948,Sneha,51.0,Female,Bangalore,63821.0,34.0,Yes
2949,Aman,40.0,Male,Lucknow,43365.0,22.0,Yes
2950,Sneha,22.0,Female,Bangalore,28189.0,68.0,Yes
2951,Simran,47.0,Male,Lucknow,,57.0,Yes
2952,Vikas,23.0,Male,Delhi,22248.0,10.0,Yes
2953,Simran,21.0,Female,Kolkata,19369.0,66.0,Yes
2954,Vikas,46.0,Male,Lucknow,78763.0,8.0,Yes
2955,Neha,40.0,Female,Kolkata,23050.0,97.0,No
2956,Vikas,23.0,Male,Delhi,43605.0,38.0,Yes
2957,Simran,49.0,Female,Delhi,64616.0,62.0,No
2958,Vikas,59.0,Female,Bangalore,69479.0,28.0,Yes
2959,Neha,35.0,Female,Kolkata,95934.0,10.0,No
2960,Neha,32.0,Female,Mumbai,55883.0,45.0,Yes
2961,Arjun,57.0,Female,Bangalore,48055.0,65.0,No
2962,Vikas,49.0,Female,Kolkata,83731.0,98.0,Yes
2963,Aman,26.0,Male,Lucknow,22450.0,67.0,No
2964,Priya,54.0,Male,,17925.0,9.0,Yes
2965,Riya,27.0,Male,Delhi,95051.0,,No
2966,Neha,37.0,Female,Mumbai,65272.0,10.0,Yes
2967,Karan,23.0,Male,Lucknow,20310.0,12.0,No
2968,Priya,20.0,Female,Kolkata,46817.0,82.0,No
2969,Rahul,59.0,Male,Kolkata,59528.0,58.0,No
2970,Vikas,28.0,Male,Lucknow,70779.0,21.0,No
2971,Simran,34.0,Female,Kolkata,99816.0,21.0,No
2972,Riya,49.0,Male,Kolkata,97641.0,65.0,No
2973,Karan,21.0,Male,Delhi,99083.0,3.0,No
2974,Priya,21.0,Male,Mumbai,91310.0,69.0,No
2975,Vikas,34.0,Female,Delhi,,89.0,Yes
2976,Arjun,58.0,Male,Mumbai,57311.0,,Yes
2977,Rahul,36.0,Female,Kolkata,18980.0,49.0,Yes
2978,Riya,22.0,Male,Mumbai,35886.0,72.0,No
2979,Aman,49.0,Male,Kolkata,92112.0,17.0,No
2980,Arjun,39.0,Male,Kolkata,65877.0,73.0,Yes
2981,Karan,23.0,Male,Delhi,51181.0,32.0,Yes
2982,Riya,52.0,Female,,48262.0,70.0,No
2983,Arjun,39.0,Male,Bangalore,15947.0,,No
2984,Rahul,,Female,Lucknow,,7.0,Yes
2985,Aman,37.0,Female,Bangalore,16128.0,7.0,No
2986,Arjun,39.0,Male,Bangalore,94522.0,27.0,Yes
2987,Sneha,28.0,Male,Mumbai,47322.0,8.0,No
2988,Aman,30.0,Female,Kolkata,63929.0,73.0,Yes
2989,Karan,59.0,Female,Kolkata,96696.0,28.0,Yes
2990,Rahul,20.0,Male,Kolkata,,79.0,No
2991,Vikas,26.0,Male,Lucknow,67882.0,66.0,Yes
2992,Simran,29.0,Male,Mumbai,36725.0,71.0,No
2993,Simran,40.0,Male,Mumbai,87534.0,47.0,No
2994,Simran,31.0,Male,Kolkata,54950.0,82.0,No
2995,Riya,50.0,Female,,98576.0,86.0,No
2996,Karan,35.0,Male,Lucknow,35557.0,10.0,No
2997,Rahul,58.0,Male,Bangalore,36825.0,33.0,Yes
2998,Aman,26.0,Female,Delhi,23998.0,7.0,No
2999,Riya,40.0,Male,Mumbai,51080.0,3.0,No
3000,Karan,27.0,Male,Mumbai,72797.0,14.0,Yes
3001,Vikas,,Female,Bangalore,30802.0,44.0,No
3002,Sneha,22.0,Male,Lucknow,26167.0,,Yes
3003,Rahul,40.0,Female,Mumbai,57407.0,61.0,No
3004,Simran,47.0,Male,Bangalore,28338.0,36.0,Yes
3005,Arjun,42.0,Male,Lucknow,91289.0,13.0,No
3006,Rahul,45.0,Male,Bangalore,86520.0,16.0,No
3007,Neha,51.0,Female,Lucknow,33895.0,80.0,No
3008,Karan,42.0,Female,Kolkata,629100.0,5.0,No
3009,Priya,27.0,Female,Lucknow,80898.0,89.0,No
3010,Vikas,31.0,Female,Delhi,18454.0,38.0,Yes
3011,Sneha,59.0,Male,Kolkata,75797.0,50.0,Yes
3012,Vikas,47.0,Female,Bangalore,98137.0,38.0,No
3013,Rahul,58.0,Female,Kolkata,65637.0,56.0,Yes
3014,Priya,42.0,Female,Kolkata,20349.0,63.0,No
3015,Neha,31.0,Male,Bangalore,54963.0,48.0,No
3016,Aman,52.0,Male,Bangalore,90583.0,90.0,No
3017,Arjun,51.0,Female,Delhi,22750.0,59.0,Yes
3018,Priya,27.0,Female,Bangalore,37463.0,77.0,No
3019,Karan,52.0,Male,Mumbai,89935.0,44.0,Yes
3020,Simran,28.0,Female,Mumbai,73792.0,90.0,No
3021,Neha,28.0,Female,Delhi,28686.0,55.0,No
3022,Arjun,38.0,Female,Lucknow,78528.0,55.0,Yes
3023,Sneha,38.0,Female,Lucknow,37787.0,1.0,No
3024,Simran,39.0,Male,Mumbai,29776.0,,Yes
3025,Rahul,24.0,Male,Bangalore,72427.0,4.0,No
3026,Priya,34.0,Male,Delhi,76086.0,85.0,No
3027,Arjun,19.0,Female,Lucknow,78308.0,86.0,No
3028,Riya,29.0,Female,Lucknow,30797.0,53.0,Yes
3029,Aman,59.0,Male,Kolkata,20302.0,58.0,No
3030,Aman,35.0,Male,Mumbai,78172.0,37.0,Yes
3031,Neha,28.0,Male,Bangalore,53059.0,49.0,No
3032,Sneha,33.0,Female,Delhi,15908.0,67.0,No
3033,Neha,35.0,Male,Lucknow,75252.0,19.0,Yes
3034,Riya,,Female,Kolkata,95659.0,1.0,No
3035,Karan,43.0,Female,Mumbai,27877.0,29.0,No
3036,Sneha,33.0,Male,Mumbai,29239.0,87.0,Yes
3037,Vikas,23.0,Male,Delhi,42313.0,33.0,Yes
3038,Karan,,Female,Lucknow,57103.0,52.0,Yes
3039,Sneha,29.0,Male,Delhi,63408.0,41.0,No
3040,Sneha,30.0,Male,Delhi,,23.0,Yes
3041,Riya,21.0,Female,Kolkata,25534.0,5.0,Yes
3042,Rahul,,Female,Mumbai,58060.0,71.0,No
3043,Riya,,Female,Bangalore,32189.0,57.0,Yes
3044,Sneha,43.0,Female,Mumbai,25967.0,6.0,Yes
3045,Arjun,44.0,Female,Mumbai,96991.0,49.0,No
3046,Karan,44.0,Male,Kolkata,80563.0,22.0,Yes
3047,Riya,32.0,Female,Bangalore,23660.0,77.0,No
3048,Rahul,25.0,Female,,54823.0,76.0,Yes
3049,Priya,24.0,Female,Bangalore,70842.0,4.0,Yes
3050,Neha,57.0,Male,,24616.0,72.0,No
3051,Sneha,29.0,Female,Bangalore,90976.0,64.0,Yes
3052,Vikas,30.0,Female,Delhi,63738.0,37.0,No
3053,Priya,,Female,Bangalore,28107.0,31.0,Yes
3054,Aman,34.0,Male,Kolkata,76404.0,37.0,Yes
3055,Simran,53.0,Female,Lucknow,30954.0,45.0,No
3056,Rahul,38.0,Female,Mumbai,31943.0,90.0,No
3057,Vikas,25.0,Female,Kolkata,55725.0,,Yes
3058,Simran,22.0,Male,Lucknow,60434.0,40.0,Yes
3059,Rahul,43.0,Male,Lucknow,25110.0,97.0,Yes
3060,Arjun,33.0,Male,Mumbai,31462.0,93.0,No
3061,Neha,53.0,Male,Delhi,94232.0,5.0,No
3062,Priya,45.0,Female,Kolkata,69081.0,,Yes
3063,Karan,46.0,Female,,67799.0,81.0,Yes
3064,Rahul,29.0,Male,Mumbai,81567.0,87.0,Yes
3065,Karan,54.0,Male,Delhi,66224.0,,No
3066,Neha,47.0,Female,Kolkata,71063.0,2.0,Yes
3067,Sneha,40.0,Female,Mumbai,70240.0,63.0,No
3068,Aman,33.0,Male,Delhi,96352.0,96.0,No
3069,Priya,31.0,Male,,32868.0,51.0,Yes
3070,Neha,27.0,Male,Bangalore,90973.0,31.0,No
3071,Neha,24.0,Male,Lucknow,95989.0,7.0,No
3072,Arjun,54.0,Female,Delhi,37222.0,30.0,Yes
3073,Simran,46.0,Male,Lucknow,94794.0,58.0,Yes
3074,Aman,20.0,Male,Bangalore,78924.0,3.0,Yes
3075,Priya,32.0,Female,Mumbai,93513.0,51.0,Yes
3076,Sneha,53.0,Female,Mumbai,69649.0,56.0,Yes
3077,Sneha,36.0,Female,Kolkata,98749.0,73.0,Yes
3078,Riya,30.0,Female,Delhi,25223.0,10.0,Yes
3079,Neha,59.0,Female,,63166.0,61.0,No
3080,Rahul,38.0,Male,Kolkata,54369.0,50.0,Yes
3081,Arjun,54.0,Male,Lucknow,84392.0,47.0,Yes
3082,Aman,44.0,Male,Mumbai,74526.0,90.0,Yes
3083,Sneha,,Female,Mumbai,27661.0,1.0,Yes
3084,Priya,37.0,Male,Delhi,30591.0,94.0,Yes
3085,Riya,42.0,Female,Delhi,86718.0,57.0,Yes
3086,Priya,,Male,Kolkata,702350.0,38.0,No
3087,Arjun,53.0,Male,Bangalore,22970.0,,Yes
3088,Rahul,,Female,Lucknow,62922.0,79.0,No
3089,Riya,39.0,Female,Bangalore,45755.0,89.0,Yes
3090,Riya,49.0,Male,Bangalore,34416.0,70.0,No
3091,Simran,33.0,Male,Delhi,28672.0,82.0,No
3092,Aman,35.0,Male,Delhi,98468.0,65.0,No
3093,Riya,22.0,Male,Delhi,61996.0,62.0,Yes
3094,Simran,53.0,Male,Bangalore,89095.0,56.0,Yes
3095,Simran,47.0,Female,Lucknow,15064.0,67.0,Yes
3096,Arjun,36.0,Female,Delhi,83835.0,17.0,Yes
3097,Karan,40.0,Female,Mumbai,85385.0,8.0,Yes
3098,Priya,51.0,Female,Lucknow,20639.0,60.0,Yes
3099,Rahul,30.0,Male,Mumbai,26055.0,,No
3100,Vikas,46.0,Male,Lucknow,,81.0,No
3101,Priya,53.0,Female,Delhi,44427.0,89.0,No
3102,Riya,39.0,Male,Kolkata,97516.0,62.0,Yes
3103,Rahul,,Female,Delhi,79666.0,41.0,Yes
3104,Sneha,26.0,Male,Bangalore,79274.0,12.0,No
3105,Karan,56.0,Male,Bangalore,25866.0,93.0,Yes
3106,Sneha,36.0,Male,Lucknow,18889.0,89.0,Yes
3107,Sneha,55.0,Female,Bangalore,63226.0,54.0,Yes
3108,Aman,23.0,Female,Delhi,46335.0,89.0,No
3109,Priya,32.0,Female,Mumbai,65547.0,93.0,No
3110,Vikas,37.0,Female,Delhi,41162.0,11.0,Yes
3111,Arjun,26.0,Male,,39687.0,,No
3112,Vikas,49.0,Male,Bangalore,25995.0,68.0,No
3113,Sneha,21.0,Male,Mumbai,,78.0,Yes
3114,Riya,35.0,Male,Kolkata,17631.0,46.0,Yes
3115,Karan,22.0,Female,Mumbai,49954.0,38.0,No
3116,Neha,37.0,Male,,20967.0,61.0,No
3117,Vikas,40.0,Male,Delhi,79471.0,17.0,Yes
3118,Sneha,28.0,Male,Kolkata,52116.0,66.0,Yes
3119,Karan,54.0,Female,Lucknow,49227.0,72.0,Yes
3120,Rahul,39.0,Female,Lucknow,16942.0,36.0,No
3121,Priya,,Female,Mumbai,62664.0,74.0,No
3122,Simran,46.0,Male,Mumbai,43069.0,7.0,Yes
3123,Aman,51.0,Female,Bangalore,29407.0,16.0,Yes
3124,Karan,30.0,Male,Kolkata,74201.0,14.0,Yes
3125,Riya,59.0,Male,Mumbai,95093.0,80.0,Yes
3126,Riya,26.0,Male,Bangalore,69348.0,25.0,No
3127,Karan,59.0,Female,Kolkata,96981.0,4.0,Yes
3128,Riya,48.0,Female,,32878.0,29.0,Yes
3129,Priya,24.0,Male,Bangalore,98100.0,56.0,No
3130,Riya,21.0,Male,,93629.0,6.0,Yes
3131,Vikas,36.0,Female,Bangalore,70420.0,1.0,No
3132,Simran,59.0,Female,Mumbai,58168.0,39.0,No
3133,Riya,47.0,Female,Delhi,69862.0,1.0,No
3134,Simran,48.0,Male,Lucknow,97025.0,63.0,Yes
3135,Sneha,52.0,Male,Mumbai,43004.0,57.0,No
3136,Arjun,38.0,Male,Mumbai,35471.0,67.0,Yes
3137,Priya,48.0,Female,Kolkata,75167.0,65.0,No
3138,Arjun,36.0,Female,Bangalore,98828.0,65.0,No
3139,Sneha,48.0,Female,Lucknow,80308.0,21.0,No
3140,Priya,49.0,Male,Mumbai,98969.0,30.0,Yes
3141,Karan,19.0,Male,Kolkata,29568.0,96.0,Yes
3142,Karan,27.0,Female,Lucknow,24466.0,33.0,No
3143,Simran,19.0,Male,Bangalore,72324.0,48.0,Yes
3144,Sneha,19.0,Female,Mumbai,30467.0,22.0,No
3145,Simran,41.0,Male,Mumbai,,94.0,No
3146,Aman,34.0,Female,Mumbai,67948.0,54.0,No
3147,Riya,49.0,Male,,31676.0,4.0,No
3148,Neha,33.0,Male,Lucknow,46514.0,87.0,Yes
3149,Aman,,Female,Lucknow,37650.0,55.0,No
3150,Riya,56.0,Female,,92701.0,44.0,Yes
3151,Priya,48.0,Female,Kolkata,25683.0,89.0,No
3152,Simran,,Female,Delhi,74819.0,12.0,No
3153,Priya,18.0,Female,Kolkata,95978.0,81.0,No
3154,Priya,28.0,Male,Mumbai,19860.0,79.0,No
3155,Riya,38.0,Female,Kolkata,18729.0,74.0,No
3156,Sneha,21.0,Female,Bangalore,46351.0,99.0,Yes
3157,Riya,24.0,Female,Lucknow,77744.0,52.0,Yes
3158,Rahul,43.0,Male,Bangalore,39346.0,93.0,No
3159,Karan,29.0,Female,Bangalore,89155.0,76.0,Yes
3160,Karan,48.0,Female,,91700.0,65.0,Yes
3161,Aman,34.0,Female,Lucknow,21955.0,65.0,No
3162,Karan,50.0,Male,Bangalore,80642.0,10.0,No
3163,Riya,28.0,Male,Mumbai,85290.0,18.0,No
3164,Vikas,45.0,Female,Lucknow,59293.0,47.0,No
3165,Simran,49.0,Male,Delhi,76336.0,66.0,Yes
3166,Riya,18.0,Female,Mumbai,366620.0,49.0,Yes
3167,Riya,45.0,Male,Kolkata,21408.0,72.0,Yes
3168,Neha,59.0,Female,Lucknow,55403.0,22.0,Yes
3169,Simran,24.0,Male,Bangalore,16225.0,86.0,No
3170,Rahul,19.0,Female,Bangalore,27196.0,26.0,No
3171,Karan,59.0,Female,Kolkata,84786.0,90.0,No
3172,Simran,41.0,Male,Kolkata,30372.0,9.0,No
3173,Karan,,Female,Bangalore,32279.0,21.0,Yes
3174,Aman,36.0,Female,Lucknow,69240.0,95.0,Yes
3175,Simran,43.0,Female,Mumbai,53187.0,63.0,No
3176,Karan,28.0,Female,Kolkata,63481.0,6.0,Yes
3177,Rahul,57.0,Male,Kolkata,43475.0,14.0,Yes
3178,Arjun,28.0,Female,Kolkata,59552.0,33.0,No
3179,Priya,20.0,Male,Delhi,82969.0,71.0,Yes
3180,Priya,29.0,Male,Lucknow,91534.0,24.0,No
3181,Rahul,20.0,Male,Lucknow,21858.0,73.0,Yes
3182,Neha,59.0,Male,Lucknow,89486.0,75.0,Yes
3183,Arjun,44.0,Female,Lucknow,89474.0,87.0,No
3184,Aman,19.0,Female,Lucknow,40168.0,51.0,No
3185,Rahul,33.0,Male,Bangalore,47099.0,2.0,No
3186,Priya,19.0,Female,Kolkata,86180.0,15.0,Yes
3187,Priya,47.0,Male,Bangalore,76455.0,35.0,No
3188,Priya,37.0,Female,Delhi,69240.0,,Yes
3189,Sneha,55.0,Female,Mumbai,89796.0,92.0,No
3190,Rahul,45.0,Female,Kolkata,69592.0,39.0,Yes
3191,Riya,42.0,Male,Delhi,62458.0,4.0,No
3192,Aman,49.0,Male,Bangalore,73046.0,64.0,No
3193,Priya,27.0,Female,,,74.0,Yes
3194,Karan,59.0,Male,Delhi,73841.0,6.0,Yes
3195,Rahul,57.0,Male,Mumbai,15395.0,57.0,No
3196,Sneha,50.0,Female,Delhi,67669.0,30.0,Yes
3197,Rahul,30.0,Male,Bangalore,25845.0,99.0,No
3198,Aman,58.0,Female,Mumbai,51059.0,74.0,Yes
3199,Sneha,,Female,Delhi,33394.0,96.0,Yes
3200,Aman,54.0,Female,Bangalore,60906.0,67.0,No
3201,Rahul,33.0,Male,Kolkata,74332.0,90.0,No
3202,Riya,39.0,Female,Bangalore,52305.0,15.0,Yes
3203,Aman,37.0,Female,Bangalore,57628.0,17.0,Yes
3204,Sneha,44.0,Male,Kolkata,36352.0,91.0,Yes
3205,Sneha,58.0,Male,Bangalore,97971.0,18.0,Yes
3206,Aman,33.0,Male,Kolkata,66993.0,19.0,No
3207,Vikas,51.0,Male,Kolkata,54386.0,76.0,No
3208,Rahul,49.0,Female,Kolkata,71624.0,88.0,Yes
3209,Vikas,43.0,Male,Delhi,72065.0,69.0,No
3210,Neha,42.0,Male,Mumbai,23539.0,24.0,Yes
3211,Rahul,19.0,Male,Delhi,16263.0,91.0,Yes
3212,Aman,29.0,Male,Kolkata,28305.0,48.0,Yes
3213,Arjun,57.0,Female,Mumbai,68817.0,30.0,No
3214,Aman,26.0,Male,Mumbai,39398.0,15.0,Yes
3215,Vikas,29.0,Female,Kolkata,90801.0,47.0,No
3216,Riya,43.0,Male,Mumbai,64107.0,44.0,No
3217,Aman,,Female,Mumbai,47152.0,98.0,Yes
3218,Aman,27.0,Female,Delhi,45624.0,,No
3219,Riya,49.0,Male,,71132.0,84.0,Yes
3220,Aman,,Female,Kolkata,67979.0,64.0,Yes
3221,Priya,,Male,,73013.0,41.0,No
3222,Arjun,56.0,Female,Lucknow,,96.0,Yes
3223,Karan,19.0,Female,,66798.0,,No
3224,Arjun,18.0,Female,Kolkata,31650.0,5.0,No
3225,Aman,53.0,Male,Lucknow,41014.0,53.0,No
3226,Priya,41.0,Female,Delhi,91421.0,8.0,Yes
3227,Rahul,44.0,Male,Kolkata,22434.0,22.0,No
3228,Aman,19.0,Female,Kolkata,45028.0,7.0,Yes
3229,Vikas,48.0,Female,,81558.0,22.0,Yes
3230,Priya,31.0,Female,Mumbai,39331.0,46.0,No
3231,Riya,19.0,Female,Mumbai,82573.0,30.0,No
3232,Priya,46.0,Female,Mumbai,89292.0,16.0,Yes
3233,Riya,32.0,Female,,61326.0,79.0,No
3234,Neha,29.0,Male,Delhi,97979.0,5.0,No
3235,Karan,54.0,Male,Kolkata,19123.0,67.0,No
3236,Simran,45.0,Male,Kolkata,31603.0,23.0,Yes
3237,Priya,37.0,Female,Mumbai,80941.0,61.0,No
3238,Sneha,56.0,Male,Kolkata,57597.0,74.0,Yes
3239,Vikas,41.0,Female,Kolkata,78238.0,5.0,Yes
3240,Aman,38.0,Male,Lucknow,,23.0,No
3241,Vikas,27.0,Male,Kolkata,57719.0,79.0,No
3242,Arjun,31.0,Female,Bangalore,56751.0,82.0,Yes
3243,Simran,54.0,Female,Mumbai,32693.0,25.0,Yes
3244,Arjun,35.0,Male,Delhi,52697.0,8.0,No
3245,Neha,41.0,Male,Delhi,,95.0,Yes
3246,Simran,31.0,Male,Lucknow,78825.0,21.0,No
3247,Simran,51.0,Male,Delhi,24522.0,2.0,Yes
3248,Arjun,29.0,Female,Delhi,60406.0,22.0,No
3249,Riya,39.0,Male,Mumbai,27121.0,72.0,Yes
3250,Arjun,23.0,Female,Mumbai,,87.0,No
3251,Vikas,53.0,Female,Bangalore,16617.0,96.0,No
3252,Riya,53.0,Male,Lucknow,58016.0,72.0,Yes
3253,Vikas,39.0,Female,Delhi,65672.0,68.0,No
3254,Neha,31.0,Male,Bangalore,39276.0,64.0,Yes
3255,Aman,33.0,Female,Lucknow,87240.0,94.0,Yes
3256,Rahul,53.0,Female,Delhi,70735.0,,Yes
3257,Riya,42.0,Male,Delhi,32959.0,87.0,Yes
3258,Neha,49.0,Female,Mumbai,43522.0,82.0,No
3259,Sneha,50.0,Female,Kolkata,71087.0,53.0,Yes
3260,Neha,53.0,Male,Lucknow,24953.0,93.0,Yes
3261,Arjun,37.0,Female,Delhi,41567.0,87.0,Yes
3262,Arjun,35.0,Female,Lucknow,75523.0,97.0,No
3263,Rahul,55.0,Male,Bangalore,77708.0,52.0,Yes
3264,Neha,20.0,Male,Bangalore,37560.0,47.0,No
3265,Karan,40.0,Female,Kolkata,73390.0,82.0,No
3266,Aman,49.0,Female,Delhi,,54.0,Yes
3267,Arjun,33.0,Female,Mumbai,51660.0,44.0,No
3268,Rahul,22.0,Male,Delhi,60104.0,97.0,Yes
3269,Aman,21.0,Female,Lucknow,72805.0,7.0,No
3270,Neha,38.0,Female,Bangalore,39496.0,92.0,No
3271,Neha,57.0,Female,Lucknow,98301.0,1.0,Yes
3272,Simran,31.0,Female,Kolkata,18515.0,63.0,No
3273,Rahul,56.0,Female,Bangalore,19454.0,98.0,Yes
3274,Arjun,48.0,Female,Mumbai,37873.0,39.0,No
3275,Karan,31.0,Male,Bangalore,88920.0,19.0,Yes
3276,Neha,23.0,Male,Delhi,28727.0,31.0,Yes
3277,Karan,29.0,Female,Delhi,84070.0,77.0,Yes
3278,Neha,33.0,Female,Bangalore,64979.0,24.0,Yes
3279,Arjun,34.0,Male,Kolkata,40465.0,69.0,No
3280,Aman,40.0,Male,Delhi,68900.0,,Yes
3281,Priya,31.0,Male,Delhi,74799.0,83.0,Yes
3282,Aman,,Female,Mumbai,36330.0,65.0,Yes
3283,Neha,49.0,Female,Bangalore,23302.0,33.0,Yes
3284,Vikas,,Female,Delhi,93443.0,59.0,No
3285,Priya,34.0,Female,Kolkata,87717.0,33.0,Yes
3286,Priya,58.0,Male,Lucknow,,32.0,No
3287,Karan,51.0,Male,Bangalore,42219.0,59.0,Yes
3288,Rahul,22.0,Male,Mumbai,51182.0,92.0,Yes
3289,Karan,44.0,Male,Delhi,95541.0,41.0,Yes
3290,Karan,40.0,Female,Kolkata,57269.0,12.0,Yes
3291,Vikas,57.0,Female,Bangalore,94781.0,73.0,Yes
3292,Aman,31.0,Male,Kolkata,21457.0,11.0,Yes
3293,Aman,32.0,Male,Kolkata,21749.0,97.0,No
3294,Sneha,50.0,Male,Mumbai,48064.0,19.0,No
3295,Neha,48.0,Male,Bangalore,24821.0,54.0,Yes
3296,Vikas,52.0,Male,Delhi,93655.0,57.0,Yes
3297,Sneha,34.0,Female,Mumbai,22664.0,42.0,Yes
3298,Arjun,45.0,Female,Delhi,44281.0,98.0,No
3299,Neha,36.0,Male,Lucknow,46821.0,71.0,Yes
3300,Neha,40.0,Male,Kolkata,39647.0,31.0,No
3301,Simran,49.0,Male,Lucknow,84918.0,52.0,No
3302,Simran,57.0,Female,Kolkata,96985.0,2.0,No
3303,Riya,30.0,Female,Mumbai,97799.0,83.0,No
3304,Riya,,Female,Delhi,89944.0,38.0,No
3305,Karan,52.0,Male,Delhi,42603.0,32.0,Yes
3306,Arjun,22.0,Female,Mumbai,61458.0,10.0,No
3307,Priya,26.0,Male,Bangalore,85605.0,8.0,No
3308,Priya,46.0,Female,Lucknow,34623.0,90.0,Yes
3309,Simran,,Female,Lucknow,59440.0,94.0,Yes
3310,Simran,42.0,Female,Delhi,97427.0,75.0,No
3311,Simran,48.0,Male,Delhi,22704.0,20.0,Yes
3312,Vikas,39.0,Male,Delhi,42460.0,20.0,Yes
3313,Rahul,19.0,Female,Mumbai,98045.0,9.0,Yes
3314,Riya,22.0,Male,Bangalore,97805.0,72.0,No
3315,Vikas,44.0,Male,Lucknow,88511.0,15.0,No
3316,Aman,42.0,Male,Kolkata,21565.0,98.0,Yes
3317,Priya,25.0,Male,Mumbai,19870.0,88.0,Yes
3318,Neha,18.0,Male,Lucknow,33909.0,97.0,No
3319,Riya,37.0,Male,Bangalore,24117.0,63.0,No
3320,Sneha,40.0,Male,Mumbai,82474.0,91.0,Yes
3321,Aman,49.0,Female,Lucknow,59322.0,,No
3322,Riya,28.0,Male,Mumbai,35128.0,5.0,No
3323,Vikas,56.0,Male,Lucknow,84001.0,35.0,Yes
3324,Arjun,41.0,Female,Lucknow,15440.0,85.0,Yes
3325,Neha,28.0,Female,Bangalore,75955.0,68.0,No
3326,Riya,46.0,Female,Kolkata,64613.0,48.0,No
3327,Rahul,43.0,Female,Bangalore,85949.0,80.0,No
3328,Simran,,Male,Lucknow,26663.0,95.0,Yes
3329,Simran,52.0,Female,Mumbai,34547.0,90.0,Yes
3330,Neha,37.0,Female,Bangalore,96662.0,62.0,Yes
3331,Vikas,20.0,Male,Kolkata,15005.0,35.0,Yes
3332,Simran,18.0,Male,Lucknow,22038.0,70.0,No
3333,Riya,,Male,Bangalore,21414.0,97.0,Yes
3334,Sneha,34.0,Female,Bangalore,84506.0,21.0,Yes
3335,Priya,19.0,Male,Bangalore,91586.0,80.0,No
3336,Priya,46.0,Female,Bangalore,17606.0,39.0,Yes
3337,Aman,37.0,Male,Mumbai,31482.0,34.0,No
3338,Karan,23.0,Male,Kolkata,86873.0,15.0,Yes
3339,Arjun,25.0,Female,Kolkata,48948.0,6.0,No
3340,Neha,46.0,Male,Lucknow,35875.0,66.0,No
3341,Aman,50.0,Male,Delhi,28057.0,88.0,No
3342,Karan,20.0,Male,Mumbai,47400.0,56.0,Yes
3343,Vikas,52.0,Male,Lucknow,86458.0,49.0,No
3344,Rahul,22.0,Male,Lucknow,83607.0,92.0,Yes
3345,Rahul,44.0,Female,Bangalore,42503.0,1.0,Yes
3346,Arjun,,Female,Delhi,38765.0,65.0,Yes
3347,Simran,37.0,Male,Delhi,61612.0,28.0,Yes
3348,Riya,37.0,Female,Mumbai,99335.0,20.0,Yes
3349,Aman,26.0,Female,Delhi,96748.0,48.0,Yes
3350,Aman,56.0,Female,Lucknow,24428.0,72.0,No
3351,Neha,21.0,Male,Delhi,46419.0,65.0,No
3352,Neha,36.0,Male,Delhi,80195.0,90.0,Yes
3353,Rahul,55.0,Male,Kolkata,88695.0,,Yes
3354,Rahul,44.0,Female,Lucknow,54142.0,43.0,Yes
3355,Sneha,30.0,Female,Delhi,86540.0,49.0,Yes
3356,Sneha,30.0,Male,Delhi,53289.0,,Yes
3357,Simran,39.0,Male,,91948.0,74.0,No
3358,Sneha,45.0,Female,Delhi,73951.0,76.0,No
3359,Riya,39.0,Female,Delhi,26755.0,41.0,Yes
3360,Riya,36.0,Male,Kolkata,99553.0,71.0,Yes
3361,Aman,25.0,Female,Lucknow,18890.0,64.0,No
3362,Priya,25.0,Female,Mumbai,32175.0,61.0,Yes
3363,Riya,59.0,Female,Lucknow,89727.0,12.0,Yes
3364,Karan,43.0,Female,Bangalore,80687.0,81.0,Yes
3365,Rahul,43.0,Female,Lucknow,99983.0,69.0,No
3366,Neha,40.0,Female,Delhi,39288.0,14.0,No
3367,Sneha,30.0,Female,Bangalore,61629.0,34.0,Yes
3368,Aman,45.0,Male,Lucknow,62800.0,48.0,No
3369,Arjun,26.0,Male,Bangalore,52367.0,61.0,No
3370,Neha,37.0,Female,Mumbai,92810.0,81.0,Yes
3371,Karan,36.0,Female,Lucknow,92754.0,35.0,No
3372,Sneha,56.0,Female,Delhi,83513.0,65.0,No
3373,Karan,29.0,Male,Bangalore,97762.0,59.0,No
3374,Rahul,32.0,Male,Kolkata,44022.0,36.0,No
3375,Rahul,48.0,Female,Bangalore,84329.0,79.0,No
3376,Simran,31.0,Male,Kolkata,74414.0,19.0,No
3377,Aman,28.0,Female,Delhi,16659.0,42.0,Yes
3378,Neha,43.0,Female,Mumbai,,69.0,Yes
3379,Vikas,59.0,Female,Kolkata,52930.0,19.0,Yes
3380,Vikas,44.0,Female,Mumbai,58473.0,39.0,No
3381,Neha,28.0,Female,Bangalore,70598.0,69.0,Yes
3382,Arjun,55.0,Female,Delhi,31040.0,52.0,No
3383,Aman,51.0,Female,Kolkata,84806.0,12.0,No
3384,Karan,36.0,Male,Bangalore,28286.0,83.0,Yes
3385,Arjun,23.0,Female,Lucknow,84139.0,,No
3386,Priya,55.0,Male,Bangalore,70916.0,76.0,Yes
3387,Neha,59.0,Female,Mumbai,32600.0,36.0,No
3388,Karan,45.0,Female,Delhi,17291.0,63.0,Yes
3389,Vikas,18.0,Male,Delhi,28123.0,76.0,Yes
3390,Riya,52.0,Male,Bangalore,18811.0,82.0,Yes
3391,Simran,57.0,Female,Lucknow,93883.0,51.0,Yes
3392,Vikas,25.0,Male,Mumbai,46276.0,43.0,No
3393,Aman,24.0,Female,Bangalore,69145.0,34.0,Yes
3394,Rahul,28.0,Female,Bangalore,61619.0,97.0,No
3395,Riya,56.0,Male,Delhi,96049.0,49.0,Yes
3396,Simran,21.0,Male,,85678.0,18.0,Yes
3397,Simran,42.0,Male,Lucknow,41714.0,61.0,Yes
3398,Priya,29.0,Male,Delhi,70685.0,57.0,No
3399,Priya,43.0,Female,Bangalore,27194.0,93.0,Yes
3400,Sneha,55.0,Male,Delhi,,5.0,Yes
3401,Vikas,,Male,Delhi,79037.0,89.0,No
3402,Vikas,54.0,Male,Kolkata,34362.0,24.0,Yes
3403,Vikas,41.0,Male,Delhi,69499.0,93.0,No
3404,Sneha,33.0,Male,Delhi,61281.0,64.0,Yes
3405,Arjun,30.0,Female,Mumbai,77813.0,,Yes
3406,Simran,42.0,Female,Delhi,59852.0,38.0,Yes
3407,Riya,21.0,Male,Lucknow,62836.0,33.0,No
3408,Aman,28.0,Male,Bangalore,19595.0,10.0,Yes
3409,Simran,49.0,Female,Mumbai,30402.0,37.0,Yes
3410,Priya,24.0,Male,Delhi,80283.0,97.0,Yes
3411,Karan,28.0,Female,Lucknow,57723.0,87.0,No
3412,Rahul,45.0,Female,Bangalore,66322.0,11.0,No
3413,Sneha,58.0,Male,Mumbai,61764.0,24.0,No
3414,Neha,40.0,Female,Lucknow,39911.0,88.0,No
3415,Karan,40.0,Male,Delhi,34405.0,71.0,No
3416,Aman,45.0,Male,Kolkata,73122.0,21.0,No
3417,Vikas,43.0,Female,Kolkata,18447.0,20.0,Yes
3418,Priya,42.0,Female,Mumbai,68143.0,10.0,Yes
3419,Priya,46.0,Male,Lucknow,77906.0,89.0,Yes
3420,Priya,36.0,Female,Bangalore,25662.0,47.0,Yes
3421,Vikas,50.0,Male,Lucknow,,47.0,Yes
3422,Neha,53.0,Female,Kolkata,73282.0,15.0,No
3423,Sneha,31.0,Female,Mumbai,19899.0,44.0,No
3424,Karan,31.0,Male,Delhi,43582.0,62.0,No
3425,Vikas,52.0,Male,Lucknow,82471.0,6.0,Yes
3426,Aman,47.0,Male,Kolkata,57213.0,66.0,No
3427,Sneha,45.0,Female,Bangalore,90871.0,76.0,Yes
3428,Aman,34.0,Male,Mumbai,98205.0,4.0,No
3429,Sneha,20.0,Male,Delhi,89081.0,23.0,Yes
3430,Neha,33.0,Female,,98805.0,13.0,No
3431,Rahul,47.0,Female,Bangalore,52830.0,81.0,Yes
3432,Aman,46.0,Male,Delhi,22066.0,31.0,No
3433,Vikas,32.0,Male,Kolkata,,16.0,Yes
3434,Sneha,42.0,Male,Kolkata,96527.0,41.0,No
3435,Priya,55.0,Male,Bangalore,80365.0,90.0,Yes
3436,Simran,59.0,Female,Kolkata,,92.0,Yes
3437,Priya,55.0,Female,Mumbai,27210.0,1.0,Yes
3438,Arjun,40.0,Male,Bangalore,519720.0,12.0,Yes
3439,Rahul,42.0,Male,,49136.0,56.0,No
3440,Rahul,59.0,Male,Lucknow,59297.0,50.0,No
3441,Priya,,Female,Kolkata,30945.0,20.0,No
3442,Karan,39.0,Male,Mumbai,57477.0,,Yes
3443,Neha,34.0,Male,Delhi,94180.0,36.0,No
3444,Aman,35.0,Female,Delhi,85453.0,79.0,Yes
3445,Vikas,58.0,Female,Kolkata,92413.0,38.0,No
3446,Rahul,27.0,Male,Delhi,28224.0,22.0,Yes
3447,Priya,27.0,Male,,18052.0,61.0,No
3448,Priya,24.0,Female,Mumbai,42272.0,,Yes
3449,Neha,55.0,Male,Delhi,56150.0,96.0,Yes
3450,Neha,44.0,Male,Lucknow,32316.0,59.0,No
3451,Riya,50.0,Female,,68389.0,20.0,No
3452,Riya,18.0,Female,Delhi,78332.0,36.0,No
3453,Karan,51.0,Female,Mumbai,22240.0,97.0,Yes
3454,Karan,21.0,Male,Mumbai,83774.0,15.0,Yes
3455,Arjun,34.0,Female,Lucknow,58175.0,62.0,Yes
3456,Karan,21.0,Female,Mumbai,15565.0,3.0,No
3457,Sneha,43.0,Male,Mumbai,86094.0,93.0,Yes
3458,Neha,21.0,Male,Delhi,31375.0,,No
3459,Vikas,18.0,Female,Kolkata,40710.0,5.0,Yes
3460,Sneha,24.0,Female,Bangalore,64895.0,56.0,No
3461,Aman,47.0,Male,Mumbai,91639.0,31.0,Yes
3462,Priya,26.0,Male,Mumbai,30174.0,86.0,Yes
3463,Karan,52.0,Female,Bangalore,42597.0,35.0,No
3464,Priya,25.0,Female,Mumbai,89289.0,71.0,Yes
3465,Rahul,41.0,Male,Delhi,53397.0,70.0,Yes
3466,Arjun,36.0,Female,Delhi,86854.0,26.0,No
3467,Rahul,53.0,Male,Bangalore,48069.0,1.0,Yes
3468,Arjun,44.0,Female,Mumbai,55274.0,83.0,No
3469,Riya,49.0,Male,Mumbai,89237.0,7.0,No
3470,Priya,31.0,Male,Kolkata,87498.0,,Yes
3471,Arjun,35.0,Female,Mumbai,53197.0,76.0,Yes
3472,Simran,45.0,Female,Delhi,63634.0,84.0,Yes
3473,Sneha,46.0,Male,Lucknow,45041.0,87.0,No
3474,Arjun,33.0,Female,Lucknow,22248.0,25.0,Yes
3475,Arjun,52.0,Female,Lucknow,17203.0,94.0,No
3476,Sneha,48.0,Female,Lucknow,66986.0,59.0,Yes
3477,Priya,21.0,Male,Mumbai,40370.0,61.0,Yes
3478,Priya,54.0,Female,Mumbai,50247.0,29.0,No
3479,Sneha,,Female,Kolkata,90922.0,95.0,Yes
3480,Rahul,56.0,Male,Mumbai,,18.0,Yes
3481,Simran,43.0,Female,Lucknow,77982.0,41.0,Yes
3482,Vikas,56.0,Female,Bangalore,80180.0,19.0,Yes
3483,Aman,58.0,Male,Bangalore,49474.0,4.0,Yes
3484,Simran,21.0,Male,,39644.0,65.0,No
3485,Priya,,Female,Delhi,53493.0,41.0,Yes
3486,Vikas,47.0,Female,Mumbai,98824.0,,No
3487,Riya,39.0,Male,Bangalore,18959.0,,Yes
3488,Karan,28.0,Male,Lucknow,62289.0,64.0,Yes
3489,Arjun,19.0,Female,Lucknow,26143.0,72.0,No
3490,Sneha,29.0,Female,Lucknow,54593.0,15.0,Yes
3491,Sneha,47.0,Female,Mumbai,54115.0,79.0,Yes
3492,Arjun,53.0,Male,Mumbai,37540.0,50.0,No
3493,Karan,35.0,Female,Kolkata,50481.0,22.0,No
3494,Aman,43.0,Male,Lucknow,,18.0,Yes
3495,Karan,24.0,Male,Lucknow,37578.0,80.0,No
3496,Vikas,18.0,Male,Mumbai,27787.0,2.0,No
3497,Karan,43.0,Female,,87048.0,36.0,No
3498,Vikas,40.0,Female,Kolkata,67879.0,,No
3499,Karan,43.0,Female,Kolkata,25596.0,16.0,Yes
3500,Aman,23.0,Male,Delhi,75669.0,67.0,Yes
3501,Aman,23.0,Female,Bangalore,34930.0,30.0,No
3502,Priya,25.0,Male,Lucknow,62950.0,55.0,Yes
3503,Arjun,41.0,Male,Lucknow,,66.0,No
3504,Aman,39.0,Male,Kolkata,67833.0,99.0,Yes
3505,Vikas,36.0,Male,Kolkata,50989.0,26.0,Yes
3506,Aman,54.0,Male,Delhi,451830.0,57.0,No
3507,Priya,35.0,Male,Bangalore,35758.0,69.0,No
3508,Sneha,48.0,Female,Delhi,16082.0,2.0,Yes
3509,Vikas,,Male,Bangalore,60891.0,56.0,Yes
3510,Priya,47.0,Female,Lucknow,60810.0,84.0,Yes
3511,Rahul,59.0,Male,Delhi,61901.0,62.0,No
3512,Rahul,50.0,Female,Kolkata,98512.0,34.0,Yes
3513,Riya,27.0,Female,Delhi,86062.0,98.0,No
3514,Karan,54.0,Female,Delhi,36563.0,56.0,No
3515,Arjun,29.0,Female,Lucknow,87008.0,55.0,No
3516,Neha,47.0,Male,Kolkata,17775.0,20.0,Yes
3517,Simran,44.0,Male,Kolkata,30828.0,50.0,No
3518,Priya,,Male,Mumbai,32974.0,25.0,Yes
3519,Sneha,26.0,Male,Mumbai,37388.0,84.0,No
3520,Simran,38.0,Female,Mumbai,95591.0,25.0,Yes
3521,Sneha,29.0,Female,Lucknow,33615.0,53.0,Yes
3522,Simran,46.0,Female,Delhi,52886.0,14.0,No
3523,Priya,50.0,Male,Kolkata,37838.0,60.0,No
3524,Neha,32.0,Female,Kolkata,,43.0,Yes
3525,Simran,19.0,Male,Delhi,93000.0,62.0,Yes
3526,Priya,56.0,Female,Kolkata,67798.0,,No
3527,Aman,35.0,Female,Delhi,87776.0,,No
3528,Neha,20.0,Female,Lucknow,85478.0,63.0,Yes
3529,Vikas,24.0,Female,Lucknow,34622.0,2.0,Yes
3530,Sneha,35.0,Female,Lucknow,28536.0,54.0,No
3531,Rahul,55.0,Male,Delhi,82136.0,16.0,Yes
3532,Karan,54.0,Female,Delhi,20700.0,55.0,No
3533,Rahul,50.0,Male,Bangalore,53839.0,94.0,No
3534,Neha,,Male,Kolkata,25248.0,43.0,No
3535,Vikas,28.0,Male,Kolkata,60291.0,61.0,No
3536,Sneha,21.0,Male,Bangalore,97629.0,38.0,Yes
3537,Vikas,35.0,Male,Bangalore,99891.0,45.0,No
3538,Simran,21.0,Male,Lucknow,32177.0,51.0,No
3539,Sneha,51.0,Male,Bangalore,34483.0,42.0,Yes
3540,Simran,46.0,Male,,58815.0,24.0,Yes
3541,Priya,41.0,Female,Mumbai,53533.0,30.0,No
3542,Neha,39.0,Female,Delhi,15026.0,37.0,No
3543,Priya,19.0,Male,Bangalore,75611.0,53.0,No
3544,Riya,23.0,Male,Kolkata,39660.0,63.0,No
3545,Vikas,59.0,Male,Delhi,70103.0,11.0,No
3546,Simran,42.0,Female,Kolkata,67253.0,,No
3547,Aman,38.0,Female,,57082.0,23.0,Yes
3548,Priya,33.0,Male,Kolkata,31258.0,80.0,Yes
3549,Riya,48.0,Male,Delhi,30389.0,50.0,No
3550,Arjun,31.0,Female,Kolkata,42685.0,85.0,Yes
3551,Rahul,56.0,Female,Mumbai,74220.0,55.0,Yes
3552,Sneha,45.0,Male,Lucknow,42195.0,55.0,No
3553,Riya,49.0,Male,Delhi,36797.0,4.0,Yes
3554,Neha,45.0,Male,Mumbai,86310.0,97.0,Yes
3555,Priya,26.0,Male,,81332.0,54.0,No
3556,Neha,39.0,Female,Delhi,77907.0,61.0,No
3557,Rahul,49.0,Female,Mumbai,,78.0,No
3558,Aman,22.0,Male,Mumbai,38696.0,83.0,Yes
3559,Vikas,40.0,Male,Mumbai,17024.0,5.0,No
3560,Vikas,22.0,Male,Bangalore,88202.0,95.0,Yes
3561,Neha,59.0,Female,Kolkata,50985.0,18.0,No
3562,Simran,49.0,Male,Lucknow,21584.0,44.0,No
3563,Aman,27.0,Male,Kolkata,42044.0,31.0,No
3564,Vikas,56.0,Male,Kolkata,20285.0,94.0,No
3565,Aman,32.0,Female,Kolkata,78115.0,21.0,Yes
3566,Riya,24.0,Male,Mumbai,22370.0,47.0,Yes
3567,Aman,46.0,Female,Kolkata,32903.0,30.0,No
3568,Karan,20.0,Male,Bangalore,47499.0,55.0,Yes
3569,Rahul,36.0,Male,Delhi,37995.0,68.0,No
3570,Vikas,27.0,Male,Mumbai,50200.0,69.0,No
3571,Aman,45.0,Female,Lucknow,85402.0,41.0,Yes
3572,Neha,46.0,Male,Delhi,28566.0,45.0,Yes
3573,Arjun,32.0,Male,Delhi,52822.0,74.0,No
3574,Karan,52.0,Female,Delhi,66222.0,91.0,No
3575,Karan,23.0,Female,Kolkata,65668.0,80.0,No
3576,Simran,29.0,Female,Kolkata,78853.0,30.0,Yes
3577,Aman,55.0,Male,Mumbai,69643.0,77.0,No
3578,Simran,30.0,Female,Kolkata,37333.0,85.0,No
3579,Simran,46.0,Male,Kolkata,30958.0,45.0,No
3580,Arjun,36.0,Female,Kolkata,67442.0,45.0,No
3581,Riya,20.0,Female,Mumbai,35954.0,79.0,No
3582,Aman,25.0,Female,Mumbai,90174.0,84.0,No
3583,Priya,25.0,Male,Bangalore,24675.0,84.0,Yes
3584,Vikas,37.0,Male,Bangalore,46661.0,45.0,No
3585,Simran,21.0,Male,Bangalore,79289.0,55.0,No
3586,Rahul,38.0,Male,Bangalore,32184.0,59.0,Yes
3587,Sneha,20.0,Male,Delhi,62963.0,5.0,Yes
3588,Rahul,25.0,Male,Delhi,40822.0,32.0,No
3589,Arjun,40.0,Male,Bangalore,77303.0,6.0,Yes
3590,Arjun,33.0,Male,Bangalore,91465.0,94.0,No
3591,Neha,30.0,Male,Lucknow,20267.0,26.0,Yes
3592,Riya,20.0,Female,Delhi,67647.0,37.0,Yes
3593,Vikas,26.0,Female,Lucknow,77814.0,13.0,No
3594,Simran,31.0,Male,Lucknow,51025.0,93.0,Yes
3595,Rahul,30.0,Male,Kolkata,92605.0,69.0,No
3596,Sneha,24.0,Male,Mumbai,15981.0,25.0,Yes
3597,Arjun,32.0,Male,Delhi,,13.0,No
3598,Arjun,24.0,Female,Bangalore,33472.0,88.0,Yes
3599,Riya,55.0,Female,Bangalore,34336.0,95.0,No
3600,Sneha,51.0,Male,Mumbai,,20.0,No
3601,Sneha,58.0,Female,Delhi,92192.0,,No
3602,Riya,39.0,Female,Bangalore,99046.0,60.0,No
3603,Arjun,41.0,Male,Bangalore,68013.0,73.0,Yes
3604,Vikas,54.0,Male,Kolkata,99511.0,21.0,No
3605,Aman,18.0,Male,Lucknow,24665.0,61.0,Yes
3606,Aman,27.0,Male,Bangalore,42097.0,84.0,Yes
3607,Riya,,Female,Delhi,67474.0,79.0,No
3608,Sneha,25.0,Male,Mumbai,86973.0,26.0,No
3609,Simran,42.0,Female,Kolkata,40185.0,54.0,Yes
3610,Riya,29.0,Male,Delhi,90911.0,42.0,Yes
3611,Vikas,42.0,Female,Kolkata,45484.0,11.0,Yes
3612,Riya,34.0,Male,,60610.0,37.0,No
3613,Karan,43.0,Male,Bangalore,,11.0,No
3614,Rahul,31.0,Female,Delhi,65907.0,27.0,Yes
3615,Sneha,58.0,Female,Mumbai,72389.0,94.0,Yes
3616,Neha,53.0,Female,Lucknow,40835.0,83.0,Yes
3617,Neha,40.0,Male,Lucknow,68790.0,34.0,No
3618,Sneha,23.0,Female,Kolkata,91960.0,38.0,Yes
3619,Vikas,22.0,Female,Lucknow,24643.0,61.0,Yes
3620,Karan,42.0,Female,Delhi,90846.0,87.0,Yes
3621,Karan,35.0,Female,Kolkata,339510.0,53.0,Yes
3622,Arjun,30.0,Female,Lucknow,30233.0,65.0,No
3623,Rahul,31.0,Female,Mumbai,28200.0,3.0,Yes
3624,Aman,45.0,Female,Delhi,67275.0,67.0,No
3625,Priya,35.0,Female,Mumbai,91068.0,28.0,No
3626,Vikas,45.0,Female,Mumbai,36291.0,14.0,Yes
3627,Priya,44.0,Male,Kolkata,57448.0,52.0,No
3628,Priya,49.0,Male,Bangalore,45580.0,30.0,Yes
3629,Sneha,26.0,Female,Kolkata,36346.0,58.0,Yes
3630,Neha,57.0,Male,Delhi,25619.0,54.0,Yes
3631,Neha,49.0,Male,,16766.0,69.0,Yes
3632,Aman,37.0,Female,Kolkata,18549.0,15.0,Yes
3633,Sneha,45.0,Female,Bangalore,33693.0,38.0,No
3634,Priya,50.0,Female,Kolkata,77019.0,78.0,No
3635,Simran,21.0,Female,Delhi,63328.0,14.0,Yes
3636,Neha,51.0,Female,Bangalore,92701.0,57.0,No
3637,Vikas,20.0,Female,Delhi,,59.0,Yes
3638,Vikas,43.0,Male,Bangalore,59763.0,,No
3639,Arjun,25.0,Female,Bangalore,35765.0,72.0,No
3640,Riya,23.0,Male,Kolkata,59787.0,19.0,Yes
3641,Simran,33.0,Female,Kolkata,22425.0,32.0,No
3642,Neha,41.0,Female,Kolkata,27857.0,95.0,No
3643,Karan,56.0,Male,Bangalore,67771.0,29.0,No
3644,Neha,47.0,Female,Bangalore,37444.0,41.0,Yes
3645,Arjun,30.0,Female,Delhi,56457.0,75.0,No
3646,Vikas,22.0,Male,Mumbai,94741.0,45.0,No
3647,Priya,42.0,Female,Kolkata,15704.0,13.0,No
3648,Karan,37.0,Male,Delhi,20452.0,27.0,No
3649,Sneha,35.0,Female,Delhi,53862.0,19.0,No
3650,Rahul,35.0,Female,Lucknow,76471.0,26.0,No
3651,Priya,19.0,Male,Kolkata,84217.0,53.0,No
3652,Rahul,27.0,Female,,33300.0,51.0,No
3653,Simran,29.0,Male,Lucknow,24566.0,37.0,No
3654,Riya,30.0,Male,Kolkata,22501.0,9.0,Yes
3655,Karan,28.0,Male,Bangalore,16845.0,,No
3656,Aman,36.0,Female,Lucknow,54181.0,96.0,No
3657,Karan,52.0,Female,Bangalore,72263.0,52.0,No
3658,Neha,56.0,Male,Mumbai,93766.0,54.0,No
3659,Vikas,43.0,Female,Mumbai,78038.0,3.0,No
3660,Neha,31.0,Female,Mumbai,98290.0,96.0,Yes
3661,Neha,41.0,Female,Mumbai,49404.0,69.0,Yes
3662,Simran,58.0,Male,Delhi,37564.0,8.0,Yes
3663,Priya,,Female,Mumbai,72435.0,14.0,Yes
3664,Aman,39.0,Male,Delhi,33227.0,3.0,No
3665,Aman,40.0,Female,Delhi,62475.0,24.0,No
3666,Neha,36.0,Female,Kolkata,32215.0,13.0,No
3667,Rahul,35.0,Male,Delhi,86074.0,43.0,Yes
3668,Simran,29.0,Female,Delhi,36699.0,29.0,Yes
3669,Neha,45.0,Male,Mumbai,27454.0,72.0,Yes
3670,Riya,45.0,Female,Delhi,63217.0,51.0,Yes
3671,Vikas,50.0,Male,Bangalore,36711.0,42.0,No
3672,Priya,36.0,Female,Mumbai,30059.0,31.0,No
3673,Sneha,45.0,Female,Lucknow,63398.0,63.0,Yes
3674,Riya,54.0,Female,Mumbai,16286.0,26.0,No
3675,Rahul,43.0,Male,Delhi,49297.0,18.0,Yes
3676,Karan,52.0,Male,Bangalore,41485.0,82.0,Yes
3677,Karan,51.0,Male,Mumbai,74967.0,57.0,Yes
3678,Riya,52.0,Female,Bangalore,69583.0,7.0,Yes
3679,Neha,57.0,Male,Lucknow,66630.0,48.0,No
3680,Sneha,33.0,Male,Lucknow,42086.0,,No
3681,Arjun,55.0,Male,Kolkata,31484.0,60.0,Yes
3682,Arjun,30.0,Male,Kolkata,83623.0,33.0,Yes
3683,Rahul,40.0,Male,Mumbai,74263.0,3.0,No
3684,Neha,39.0,Male,Kolkata,33675.0,4.0,No
3685,Aman,33.0,Male,Bangalore,75664.0,4.0,Yes
3686,Aman,45.0,Male,Kolkata,39680.0,42.0,Yes
3687,Priya,52.0,Male,Bangalore,32077.0,9.0,Yes
3688,Sneha,25.0,Male,Kolkata,53174.0,51.0,Yes
3689,Sneha,39.0,Female,Kolkata,91968.0,17.0,Yes
3690,Karan,38.0,Female,Kolkata,18491.0,17.0,No
3691,Simran,43.0,Male,,61126.0,97.0,No
3692,Rahul,57.0,Female,Delhi,18392.0,20.0,Yes
3693,Arjun,38.0,Female,Kolkata,77257.0,14.0,Yes
3694,Rahul,42.0,Male,Bangalore,82804.0,22.0,Yes
3695,Aman,58.0,Male,Mumbai,53400.0,52.0,Yes
3696,Aman,18.0,Male,Lucknow,51551.0,27.0,No
3697,Riya,23.0,Female,Delhi,43088.0,43.0,No
3698,Priya,40.0,Male,,95015.0,3.0,Yes
3699,Sneha,40.0,Female,Lucknow,40465.0,88.0,No
3700,Vikas,40.0,Male,Delhi,63155.0,94.0,Yes
3701,Rahul,49.0,Female,Mumbai,20969.0,8.0,Yes
3702,Aman,47.0,Female,Bangalore,23981.0,86.0,No
3703,Simran,30.0,Male,Kolkata,36032.0,89.0,Yes
3704,Karan,35.0,Male,Mumbai,69091.0,10.0,No
3705,Arjun,40.0,Female,Delhi,39408.0,29.0,Yes
3706,Priya,32.0,Female,Kolkata,39241.0,40.0,Yes
3707,Simran,50.0,Male,Lucknow,62940.0,65.0,Yes
3708,Priya,38.0,Male,Bangalore,97938.0,21.0,Yes
3709,Riya,56.0,Female,Delhi,66105.0,24.0,No
3710,Vikas,40.0,Male,Bangalore,76050.0,73.0,Yes
3711,Aman,44.0,Female,Kolkata,18657.0,60.0,No
3712,Karan,35.0,Male,Mumbai,36230.0,26.0,No
3713,Simran,41.0,Male,Bangalore,33680.0,,Yes
3714,Priya,57.0,Male,Lucknow,97694.0,20.0,No
3715,Sneha,59.0,Female,Delhi,99731.0,,Yes
3716,Riya,24.0,Male,Lucknow,57340.0,99.0,No
3717,Sneha,37.0,Female,Bangalore,50950.0,36.0,No
3718,Karan,44.0,Male,Mumbai,93515.0,36.0,Yes
3719,Simran,23.0,Female,Mumbai,22867.0,73.0,Yes
3720,Riya,44.0,Female,Lucknow,,22.0,No
3721,Simran,26.0,Male,Kolkata,93542.0,1.0,Yes
3722,Aman,48.0,Female,Kolkata,19329.0,69.0,Yes
3723,Neha,38.0,Female,Mumbai,50865.0,73.0,No
3724,Riya,43.0,Female,Lucknow,81940.0,37.0,No
3725,Sneha,57.0,Female,Lucknow,52869.0,,Yes
3726,Karan,30.0,Male,Lucknow,81905.0,72.0,No
3727,Vikas,40.0,Male,,98984.0,96.0,Yes
3728,Aman,37.0,Male,Kolkata,812520.0,13.0,Yes
3729,Neha,54.0,Female,Kolkata,94386.0,84.0,No
3730,Vikas,45.0,Female,Bangalore,16711.0,43.0,Yes
3731,Arjun,34.0,Male,,40801.0,37.0,No
3732,Aman,45.0,Male,Bangalore,68270.0,94.0,Yes
3733,Karan,58.0,Female,Lucknow,86622.0,74.0,Yes
3734,Priya,19.0,Male,Bangalore,70535.0,95.0,Yes
3735,Riya,42.0,Male,Lucknow,91759.0,25.0,No
3736,Simran,58.0,Female,Mumbai,31220.0,93.0,No
3737,Karan,23.0,Male,Lucknow,28392.0,88.0,Yes
3738,Riya,28.0,Female,Kolkata,17246.0,21.0,No
3739,Vikas,55.0,Male,Bangalore,35010.0,41.0,No
3740,Simran,23.0,Female,Lucknow,83358.0,73.0,Yes
3741,Rahul,28.0,Female,Delhi,32234.0,42.0,No
3742,Sneha,31.0,Female,Mumbai,64451.0,42.0,No
3743,Arjun,19.0,Female,Delhi,90205.0,2.0,No
3744,Aman,,Female,Delhi,36784.0,68.0,Yes
3745,Karan,20.0,Male,Delhi,44672.0,8.0,Yes
3746,Arjun,52.0,Male,Mumbai,16082.0,96.0,No
3747,Priya,50.0,Male,Mumbai,26148.0,61.0,Yes
3748,Riya,41.0,Female,Mumbai,42494.0,14.0,No
3749,Riya,36.0,Male,Mumbai,90093.0,77.0,Yes
3750,Karan,35.0,Female,Delhi,,21.0,No
3751,Neha,41.0,Female,Kolkata,51719.0,24.0,Yes
3752,Neha,52.0,Male,Kolkata,63737.0,50.0,No
3753,Rahul,,Female,Mumbai,74453.0,82.0,Yes
3754,Sneha,53.0,Male,Bangalore,54536.0,45.0,No
3755,Simran,,Female,Lucknow,65604.0,,Yes
3756,Priya,51.0,Female,Bangalore,65833.0,64.0,Yes
3757,Arjun,42.0,Male,Bangalore,29039.0,26.0,Yes
3758,Neha,33.0,Female,Bangalore,82839.0,32.0,No
3759,Rahul,51.0,Male,Kolkata,62931.0,57.0,No
3760,Rahul,46.0,Female,Lucknow,54925.0,53.0,No
3761,Karan,36.0,Male,,66003.0,33.0,Yes
3762,Priya,40.0,Female,Mumbai,98817.0,52.0,No
3763,Vikas,,Male,Kolkata,63897.0,95.0,Yes
3764,Simran,42.0,Male,Mumbai,57287.0,18.0,Yes
3765,Sneha,33.0,Female,Mumbai,,35.0,Yes
3766,Aman,26.0,Male,Bangalore,56783.0,12.0,No
3767,Karan,18.0,Female,Mumbai,83315.0,51.0,Yes
3768,Simran,59.0,Female,Lucknow,98766.0,89.0,No
3769,Aman,36.0,Male,Mumbai,61491.0,95.0,No
3770,Aman,50.0,Male,Bangalore,73584.0,10.0,Yes
3771,Priya,51.0,Male,Mumbai,27803.0,52.0,No
3772,Priya,33.0,Male,,64625.0,34.0,Yes
3773,Arjun,57.0,Male,Kolkata,28698.0,67.0,Yes
3774,Rahul,35.0,Female,Kolkata,49560.0,,No
3775,Simran,51.0,Male,Delhi,30376.0,8.0,Yes
3776,Karan,42.0,Female,Kolkata,,96.0,Yes
3777,Riya,23.0,Male,Kolkata,28117.0,29.0,Yes
3778,Karan,38.0,Male,,71381.0,22.0,No
3779,Arjun,23.0,Male,Kolkata,52956.0,84.0,No
3780,Sneha,49.0,Female,Bangalore,63786.0,70.0,No
3781,Rahul,58.0,Male,Kolkata,81480.0,61.0,Yes
3782,Riya,56.0,Female,,,43.0,Yes
3783,Neha,48.0,Female,Delhi,16511.0,49.0,No
3784,Sneha,59.0,Female,Bangalore,68233.0,29.0,No
3785,Priya,27.0,Male,Mumbai,37502.0,81.0,No
3786,Aman,47.0,Female,Lucknow,65010.0,31.0,No
3787,Neha,35.0,Male,Bangalore,88905.0,53.0,No
3788,Karan,41.0,Female,Mumbai,,34.0,Yes
3789,Karan,26.0,Male,Bangalore,98533.0,38.0,No
3790,Priya,48.0,Female,Mumbai,96165.0,57.0,Yes
3791,Arjun,32.0,Male,Mumbai,46949.0,4.0,Yes
3792,Simran,21.0,Male,Bangalore,83376.0,2.0,Yes
3793,Neha,57.0,Male,Delhi,94587.0,12.0,Yes
3794,Neha,26.0,Female,Bangalore,82310.0,35.0,No
3795,Vikas,26.0,Female,Bangalore,937980.0,70.0,Yes
3796,Sneha,43.0,Male,Mumbai,84407.0,72.0,No
3797,Rahul,21.0,Female,Lucknow,88809.0,21.0,Yes
3798,Sneha,34.0,Female,Mumbai,32229.0,61.0,No
3799,Simran,33.0,Female,Kolkata,42385.0,35.0,No
3800,Karan,32.0,Female,Bangalore,57176.0,48.0,Yes
3801,Karan,52.0,Female,Bangalore,18260.0,15.0,No
3802,Karan,22.0,Female,Delhi,18145.0,71.0,Yes
3803,Vikas,22.0,Female,Mumbai,22802.0,15.0,No
3804,Karan,37.0,Male,Delhi,,6.0,Yes
3805,Simran,32.0,Male,Bangalore,41913.0,81.0,Yes
3806,Priya,35.0,Female,Mumbai,72788.0,68.0,No
3807,Rahul,19.0,Male,Mumbai,23155.0,22.0,No
3808,Simran,46.0,Male,Kolkata,15922.0,32.0,Yes
3809,Rahul,30.0,Male,Kolkata,,22.0,Yes
3810,Simran,21.0,Female,Lucknow,35672.0,27.0,No
3811,Karan,59.0,Female,Kolkata,53526.0,15.0,Yes
3812,Priya,27.0,Female,Mumbai,60344.0,44.0,Yes
3813,Neha,48.0,Female,Kolkata,34014.0,86.0,Yes
3814,Sneha,58.0,Female,Lucknow,88352.0,92.0,No
3815,Aman,25.0,Male,Bangalore,55324.0,9.0,Yes
3816,Priya,20.0,Female,Kolkata,53698.0,34.0,Yes
3817,Neha,,Male,Mumbai,92169.0,73.0,No
3818,Arjun,47.0,Female,Bangalore,38384.0,15.0,Yes
3819,Simran,28.0,Male,Mumbai,18512.0,62.0,Yes
3820,Arjun,52.0,Female,Bangalore,21066.0,45.0,Yes
3821,Neha,,Female,Mumbai,,84.0,Yes
3822,Priya,59.0,Female,Kolkata,93743.0,72.0,No
3823,Simran,30.0,Female,Kolkata,94858.0,58.0,Yes
3824,Aman,53.0,Female,Lucknow,69800.0,92.0,Yes
3825,Karan,30.0,Female,Bangalore,78140.0,19.0,Yes
3826,Simran,29.0,Male,Lucknow,99954.0,16.0,Yes
3827,Simran,54.0,Female,Delhi,17387.0,75.0,Yes
3828,Priya,27.0,Male,Kolkata,71160.0,8.0,No
3829,Priya,26.0,Female,Bangalore,74241.0,33.0,No
3830,Neha,24.0,Male,Lucknow,88567.0,74.0,Yes
3831,Riya,,Male,Lucknow,16799.0,18.0,Yes
3832,Simran,40.0,Male,Delhi,50548.0,,No
3833,Sneha,56.0,Male,Lucknow,48895.0,43.0,No
3834,Simran,57.0,Male,Mumbai,95171.0,50.0,No
3835,Neha,56.0,Male,,,3.0,Yes
3836,Rahul,38.0,Female,Lucknow,60414.0,91.0,Yes
3837,Arjun,40.0,Male,Lucknow,88071.0,59.0,Yes
3838,Karan,46.0,Female,Delhi,83344.0,28.0,Yes
3839,Riya,,Female,Mumbai,93591.0,46.0,Yes
3840,Aman,43.0,Male,Lucknow,19297.0,64.0,Yes
3841,Aman,22.0,Male,Kolkata,20008.0,70.0,No
3842,Aman,48.0,Female,Kolkata,31820.0,47.0,No
3843,Priya,42.0,Male,Lucknow,86548.0,14.0,Yes
3844,Aman,48.0,Male,Mumbai,37253.0,7.0,Yes
3845,Karan,37.0,Male,Kolkata,44202.0,74.0,Yes
3846,Arjun,34.0,Male,Kolkata,44236.0,79.0,No
3847,Aman,19.0,Male,Mumbai,,31.0,No
3848,Simran,42.0,Male,Mumbai,75263.0,93.0,No
3849,Simran,30.0,Male,,89855.0,81.0,No
3850,Priya,56.0,Female,Bangalore,31575.0,51.0,Yes
3851,Karan,45.0,Male,Delhi,27204.0,,No
3852,Arjun,59.0,Female,Bangalore,26952.0,15.0,No
3853,Riya,23.0,Female,Bangalore,98323.0,90.0,Yes
3854,Neha,20.0,Female,Kolkata,66142.0,76.0,Yes
3855,Arjun,52.0,Female,Mumbai,48872.0,25.0,Yes
3856,Neha,35.0,Male,Kolkata,44376.0,61.0,No
3857,Rahul,28.0,Female,Delhi,81084.0,41.0,Yes
3858,Neha,37.0,Female,Lucknow,26640.0,69.0,No
3859,Sneha,22.0,Female,Delhi,41437.0,4.0,No
3860,Simran,36.0,Female,Kolkata,22903.0,,No
3861,Karan,39.0,Female,Kolkata,98704.0,31.0,No
3862,Vikas,36.0,Male,Kolkata,,3.0,Yes
3863,Priya,33.0,Male,Kolkata,58381.0,67.0,Yes
3864,Sneha,41.0,Female,Bangalore,43548.0,90.0,No
3865,Neha,58.0,Male,Lucknow,64956.0,50.0,Yes
3866,Aman,21.0,Male,Bangalore,89526.0,17.0,No
3867,Karan,32.0,Female,Kolkata,26467.0,60.0,No
3868,Sneha,42.0,Female,Mumbai,72954.0,74.0,Yes
3869,Priya,52.0,Female,Bangalore,38901.0,66.0,Yes
3870,Simran,31.0,Male,Kolkata,70983.0,88.0,No
3871,Karan,36.0,Female,Kolkata,38301.0,75.0,Yes
3872,Priya,55.0,Male,Lucknow,84903.0,,No
3873,Rahul,53.0,Male,Delhi,31204.0,99.0,Yes
3874,Rahul,24.0,Male,Bangalore,34755.0,87.0,No
3875,Priya,47.0,Female,Bangalore,74817.0,32.0,No
3876,Sneha,36.0,Male,Bangalore,17093.0,87.0,Yes
3877,Karan,42.0,Female,Kolkata,84537.0,98.0,Yes
3878,Sneha,33.0,Female,Lucknow,37940.0,,No
3879,Riya,57.0,Female,Kolkata,88346.0,66.0,Yes
3880,Neha,25.0,Female,,59040.0,60.0,Yes
3881,Riya,35.0,Female,Mumbai,52322.0,66.0,No
3882,Rahul,45.0,Male,Lucknow,99437.0,15.0,No
3883,Simran,33.0,Male,Bangalore,24236.0,85.0,Yes
3884,Arjun,,Male,,87597.0,,Yes
3885,Neha,59.0,Male,Bangalore,,,No
3886,Rahul,34.0,Male,Kolkata,18902.0,27.0,No
3887,Sneha,30.0,Female,Lucknow,49364.0,88.0,No
3888,Sneha,24.0,Female,Lucknow,35096.0,7.0,No
3889,Sneha,44.0,Male,Lucknow,27020.0,6.0,No
3890,Simran,27.0,Male,Mumbai,73473.0,33.0,No
3891,Riya,51.0,Male,,59153.0,58.0,No
3892,Arjun,53.0,Female,Mumbai,56277.0,,No
3893,Sneha,42.0,Female,Delhi,53502.0,17.0,Yes
3894,Vikas,23.0,Female,Kolkata,30675.0,42.0,Yes
3895,Neha,,Male,Mumbai,39365.0,94.0,Yes
3896,Karan,35.0,Male,Mumbai,93229.0,72.0,No
3897,Vikas,40.0,Male,Kolkata,671480.0,40.0,Yes
3898,Arjun,23.0,Male,Lucknow,83078.0,46.0,No
3899,Simran,46.0,Female,Kolkata,97598.0,71.0,Yes
3900,Arjun,42.0,Male,Bangalore,85902.0,70.0,No
3901,Karan,34.0,Male,Kolkata,41465.0,68.0,No
3902,Neha,41.0,Male,Lucknow,47286.0,1.0,Yes
3903,Karan,28.0,Female,Kolkata,69795.0,79.0,No
3904,Priya,43.0,Female,Mumbai,55178.0,95.0,Yes
3905,Neha,51.0,Male,Delhi,,89.0,Yes
3906,Arjun,45.0,Female,Mumbai,64986.0,97.0,Yes
3907,Sneha,20.0,Female,Delhi,58201.0,52.0,Yes
3908,Arjun,,Female,Kolkata,58315.0,35.0,Yes
3909,Arjun,55.0,Female,Bangalore,90396.0,69.0,Yes
3910,Neha,31.0,Female,,70178.0,5.0,Yes
3911,Priya,43.0,Male,Lucknow,,17.0,Yes
3912,Arjun,38.0,Male,Kolkata,87354.0,53.0,Yes
3913,Vikas,56.0,Male,Delhi,94637.0,52.0,No
3914,Rahul,47.0,Female,Mumbai,20028.0,14.0,No
3915,Aman,25.0,Female,Bangalore,63566.0,29.0,Yes
3916,Aman,37.0,Female,Kolkata,58722.0,8.0,No
3917,Arjun,49.0,Female,Kolkata,89974.0,98.0,No
3918,Vikas,39.0,Male,Mumbai,98692.0,1.0,Yes
3919,Sneha,24.0,Male,Bangalore,99084.0,,Yes
3920,Simran,26.0,Male,Kolkata,54879.0,36.0,No
3921,Simran,18.0,Male,Kolkata,39767.0,51.0,Yes
3922,Neha,46.0,Male,Delhi,,37.0,Yes
3923,Aman,25.0,Male,Delhi,63657.0,93.0,Yes
3924,Arjun,21.0,Female,Lucknow,23498.0,69.0,No
3925,Simran,52.0,Female,Mumbai,88667.0,53.0,Yes
3926,Arjun,20.0,Male,,40107.0,96.0,No
3927,Neha,57.0,Female,Kolkata,43793.0,,Yes
3928,Aman,24.0,Male,Kolkata,17696.0,88.0,Yes
3929,Karan,44.0,Male,Lucknow,68839.0,83.0,No
3930,Rahul,18.0,Female,Kolkata,38397.0,12.0,Yes
3931,Rahul,44.0,Male,Mumbai,,52.0,No
3932,Simran,33.0,Male,Lucknow,31442.0,1.0,No
3933,Rahul,,Male,Mumbai,78788.0,7.0,Yes
3934,Karan,24.0,Female,Lucknow,24765.0,17.0,Yes
3935,Arjun,40.0,Female,Kolkata,25002.0,98.0,No
3936,Neha,58.0,Female,Lucknow,26390.0,43.0,No
3937,Karan,28.0,Female,Delhi,59436.0,71.0,Yes
3938,Neha,,Male,Bangalore,99482.0,17.0,Yes
3939,Neha,50.0,Female,Kolkata,21641.0,59.0,Yes
3940,Aman,53.0,Female,Bangalore,48709.0,3.0,Yes
3941,Arjun,54.0,Female,Kolkata,54309.0,29.0,Yes
3942,Vikas,58.0,Male,Bangalore,30624.0,22.0,No
3943,Rahul,34.0,Female,Delhi,24966.0,38.0,No
3944,Vikas,52.0,Female,Bangalore,49189.0,54.0,No
3945,Aman,,Male,Lucknow,86301.0,93.0,No
3946,Neha,49.0,Male,Bangalore,32223.0,50.0,Yes
3947,Simran,20.0,Male,Kolkata,931830.0,69.0,No
3948,Rahul,52.0,Male,Mumbai,19959.0,30.0,Yes
3949,Rahul,,Female,Bangalore,42257.0,23.0,Yes
3950,Arjun,48.0,Male,Bangalore,65802.0,85.0,Yes
3951,Priya,48.0,Female,Bangalore,42215.0,90.0,Yes
3952,Riya,34.0,Female,Kolkata,70046.0,47.0,Yes
3953,Riya,41.0,Female,Bangalore,49094.0,21.0,No
3954,Riya,40.0,Female,Kolkata,53669.0,20.0,Yes
3955,Priya,35.0,Female,Kolkata,51126.0,23.0,Yes
3956,Arjun,31.0,Male,Mumbai,94036.0,68.0,Yes
3957,Priya,32.0,Female,Lucknow,31772.0,21.0,No
3958,Riya,,Female,Kolkata,63586.0,21.0,Yes
3959,Aman,23.0,Female,Delhi,,1.0,Yes
3960,Karan,44.0,Male,Bangalore,83868.0,15.0,Yes
3961,Neha,32.0,Female,Delhi,64855.0,17.0,No
3962,Priya,53.0,Female,Bangalore,37218.0,51.0,Yes
3963,Arjun,25.0,Male,Mumbai,960080.0,63.0,No
3964,Arjun,32.0,Female,Kolkata,72205.0,14.0,No
3965,Vikas,20.0,Female,Lucknow,19959.0,59.0,Yes
3966,Karan,30.0,Male,Kolkata,97979.0,83.0,No
3967,Simran,58.0,Female,Bangalore,60134.0,50.0,No
3968,Rahul,51.0,Female,Lucknow,,34.0,Yes
3969,Riya,41.0,Female,Kolkata,16301.0,6.0,Yes
3970,Simran,57.0,Female,Lucknow,73017.0,49.0,Yes
3971,Vikas,49.0,Female,Bangalore,58319.0,6.0,Yes
3972,Riya,49.0,Male,Mumbai,37455.0,69.0,No
3973,Karan,47.0,Male,Mumbai,19112.0,7.0,No
3974,Vikas,30.0,Male,Kolkata,72033.0,97.0,Yes
3975,Riya,18.0,Female,Delhi,73360.0,77.0,Yes
3976,Karan,51.0,Female,Bangalore,97418.0,51.0,Yes
3977,Sneha,32.0,Female,Kolkata,47145.0,1.0,No
3978,Simran,31.0,Male,Kolkata,47735.0,13.0,Yes
3979,Simran,46.0,Female,Mumbai,,43.0,No
3980,Rahul,51.0,Female,Lucknow,82641.0,27.0,No
3981,Karan,35.0,Female,Bangalore,36711.0,71.0,No
3982,Priya,24.0,Male,Lucknow,,3.0,No
3983,Sneha,46.0,Male,Bangalore,80488.0,58.0,Yes
3984,Aman,48.0,Female,Delhi,18206.0,89.0,Yes
3985,Riya,,Female,Mumbai,71289.0,97.0,Yes
3986,Sneha,55.0,Female,Delhi,33953.0,17.0,No
3987,Karan,,Male,Kolkata,25068.0,45.0,No
3988,Neha,25.0,Male,Mumbai,93930.0,78.0,Yes
3989,Riya,44.0,Male,Kolkata,70916.0,58.0,No
3990,Arjun,,Female,Delhi,16067.0,,No
3991,Simran,34.0,Male,Bangalore,65658.0,54.0,No
3992,Karan,54.0,Female,Kolkata,67165.0,87.0,Yes
3993,Arjun,31.0,Female,Lucknow,95781.0,88.0,Yes
3994,Rahul,42.0,Male,Bangalore,24859.0,29.0,Yes
3995,Vikas,47.0,Female,Bangalore,44164.0,54.0,No
3996,Aman,46.0,Male,Delhi,95913.0,27.0,Yes
3997,Aman,37.0,Female,Delhi,35773.0,45.0,Yes
3998,Arjun,38.0,Female,Mumbai,72295.0,87.0,Yes
3999,Simran,39.0,Male,Mumbai,48939.0,31.0,No
4000,Rahul,52.0,Female,Lucknow,63599.0,36.0,No
2074,Sneha,23.0,Female,Mumbai,66030.0,50.0,No
3593,Vikas,26.0,Female,Lucknow,77814.0,13.0,No
3110,Vikas,37.0,Female,Delhi,41162.0,11.0,Yes
2712,Sneha,36.0,Female,Lucknow,71879.0,92.0,Yes
3568,Karan,20.0,Male,Bangalore,47499.0,55.0,Yes
1398,Sneha,18.0,Female,Kolkata,41819.0,87.0,Yes
3548,Priya,33.0,Male,Kolkata,31258.0,80.0,Yes
2273,Riya,55.0,Female,Mumbai,81126.0,94.0,Yes
3218,Aman,27.0,Female,Delhi,45624.0,,No
3234,Neha,29.0,Male,Delhi,97979.0,5.0,No
1405,Sneha,30.0,Female,Mumbai,24415.0,55.0,Yes
2925,Priya,19.0,Female,Kolkata,,50.0,No
3742,Sneha,31.0,Female,Mumbai,64451.0,42.0,No
2309,Simran,49.0,Female,Mumbai,30861.0,53.0,No
1550,Aman,,Male,Mumbai,,86.0,No
1809,Priya,36.0,Male,Lucknow,69596.0,37.0,Yes
1670,Vikas,25.0,Female,Lucknow,74030.0,91.0,No
2903,Aman,57.0,Male,Delhi,99612.0,1.0,No
3591,Neha,30.0,Male,Lucknow,20267.0,26.0,Yes
1860,Simran,,Female,Lucknow,,98.0,No
3308,Priya,46.0,Female,Lucknow,34623.0,90.0,Yes
3393,Aman,24.0,Female,Bangalore,69145.0,34.0,Yes
2222,Sneha,26.0,Female,Lucknow,36038.0,57.0,Yes
1648,Simran,46.0,Male,Kolkata,15443.0,14.0,Yes
1034,Karan,37.0,Male,Bangalore,89968.0,87.0,No
2663,Rahul,,Male,,16778.0,43.0,No
2620,Vikas,30.0,Female,Lucknow,15639.0,4.0,No
2894,Vikas,36.0,Male,Mumbai,88927.0,17.0,Yes
3370,Neha,37.0,Female,Mumbai,92810.0,81.0,Yes
3795,Vikas,26.0,Female,Bangalore,93798.0,70.0,Yes
2347,Karan,39.0,Male,Lucknow,77508.0,50.0,Yes
3912,Arjun,38.0,Male,Kolkata,87354.0,53.0,Yes
1661,Aman,22.0,Female,Lucknow,16919.0,16.0,No
2360,Arjun,38.0,Female,Lucknow,50421.0,80.0,Yes
2800,Neha,44.0,Male,Mumbai,34995.0,30.0,No
3799,Simran,33.0,Female,Kolkata,42385.0,35.0,No
3273,Rahul,56.0,Female,Bangalore,19454.0,98.0,Yes
1270,Aman,49.0,Female,Lucknow,94120.0,17.0,Yes
1960,Sneha,38.0,Female,Delhi,42738.0,64.0,Yes
3761,Karan,36.0,Male,,66003.0,33.0,Yes
1154,Neha,44.0,Male,Kolkata,47875.0,95.0,Yes
2192,Riya,32.0,Male,Kolkata,72748.0,2.0,Yes
3335,Priya,19.0,Male,Bangalore,91586.0,80.0,No
2674,Sneha,29.0,Female,,38437.0,96.0,No
2170,Vikas,58.0,Male,Lucknow,23520.0,38.0,No
1085,Neha,58.0,Female,Bangalore,421950.0,9.0,Yes
1290,Arjun,31.0,Female,Mumbai,49948.0,98.0,Yes
3016,Aman,52.0,Male,Bangalore,90583.0,90.0,No
2409,Karan,57.0,Female,Bangalore,55910.0,14.0,Yes
3607,Riya,,Female,Delhi,67474.0,79.0,No
